page,math_score,status
20,6,REVIEWED_BY_CONTACT_SHEET
23,11,REVIEWED_BY_CONTACT_SHEET
28,6,REVIEWED_BY_CONTACT_SHEET
29,8,REVIEWED_BY_CONTACT_SHEET
30,12,REVIEWED_BY_CONTACT_SHEET
31,9,REVIEWED_BY_CONTACT_SHEET
32,12,REVIEWED_BY_CONTACT_SHEET
35,8,REVIEWED_BY_CONTACT_SHEET
36,5,REVIEWED_BY_CONTACT_SHEET
37,27,REVIEWED_BY_CONTACT_SHEET
38,10,REVIEWED_BY_CONTACT_SHEET
39,17,REVIEWED_BY_CONTACT_SHEET
40,21,REVIEWED_BY_CONTACT_SHEET
42,4,REVIEWED_BY_CONTACT_SHEET
43,16,REVIEWED_BY_CONTACT_SHEET
44,22,REVIEWED_BY_CONTACT_SHEET
45,25,REVIEWED_BY_CONTACT_SHEET
46,7,REVIEWED_BY_CONTACT_SHEET
52,10,REVIEWED_BY_CONTACT_SHEET
53,15,REVIEWED_BY_CONTACT_SHEET
54,22,REVIEWED_BY_CONTACT_SHEET
55,15,REVIEWED_BY_CONTACT_SHEET
56,43,REVIEWED_BY_CONTACT_SHEET
57,32,REVIEWED_BY_CONTACT_SHEET
58,23,REVIEWED_BY_CONTACT_SHEET
60,9,REVIEWED_BY_CONTACT_SHEET
61,10,REVIEWED_BY_CONTACT_SHEET
62,12,REVIEWED_BY_CONTACT_SHEET
63,6,REVIEWED_BY_CONTACT_SHEET
64,12,REVIEWED_BY_CONTACT_SHEET
65,14,REVIEWED_BY_CONTACT_SHEET
66,13,REVIEWED_BY_CONTACT_SHEET
67,5,REVIEWED_BY_CONTACT_SHEET
70,5,REVIEWED_BY_CONTACT_SHEET
71,15,REVIEWED_BY_CONTACT_SHEET
72,17,REVIEWED_BY_CONTACT_SHEET
73,4,REVIEWED_BY_CONTACT_SHEET
83,14,REVIEWED_BY_CONTACT_SHEET
84,6,REVIEWED_BY_CONTACT_SHEET
85,7,REVIEWED_BY_CONTACT_SHEET
86,5,REVIEWED_BY_CONTACT_SHEET
87,10,REVIEWED_BY_CONTACT_SHEET
88,34,REVIEWED_BY_CONTACT_SHEET
89,15,REVIEWED_BY_CONTACT_SHEET
91,4,REVIEWED_BY_CONTACT_SHEET
92,43,REVIEWED_BY_CONTACT_SHEET
94,5,REVIEWED_BY_CONTACT_SHEET
95,5,REVIEWED_BY_CONTACT_SHEET
97,6,REVIEWED_BY_CONTACT_SHEET
98,31,REVIEWED_BY_CONTACT_SHEET
99,10,REVIEWED_BY_CONTACT_SHEET
100,8,REVIEWED_BY_CONTACT_SHEET
101,10,REVIEWED_BY_CONTACT_SHEET
102,8,REVIEWED_BY_CONTACT_SHEET
103,13,REVIEWED_BY_CONTACT_SHEET
104,9,REVIEWED_BY_CONTACT_SHEET
106,8,REVIEWED_BY_CONTACT_SHEET
107,16,REVIEWED_BY_CONTACT_SHEET
108,13,REVIEWED_BY_CONTACT_SHEET
109,9,REVIEWED_BY_CONTACT_SHEET
110,34,REVIEWED_BY_CONTACT_SHEET
111,26,REVIEWED_BY_CONTACT_SHEET
112,27,REVIEWED_BY_CONTACT_SHEET
113,41,REVIEWED_BY_CONTACT_SHEET
114,33,REVIEWED_BY_CONTACT_SHEET
115,39,REVIEWED_BY_CONTACT_SHEET
116,43,REVIEWED_BY_CONTACT_SHEET
117,58,REVIEWED_BY_CONTACT_SHEET
118,43,REVIEWED_BY_CONTACT_SHEET
119,15,REVIEWED_BY_CONTACT_SHEET
120,19,REVIEWED_BY_CONTACT_SHEET
121,12,REVIEWED_BY_CONTACT_SHEET
122,18,REVIEWED_BY_CONTACT_SHEET
123,13,REVIEWED_BY_CONTACT_SHEET
124,12,REVIEWED_BY_CONTACT_SHEET
125,14,REVIEWED_BY_CONTACT_SHEET
126,13,REVIEWED_BY_CONTACT_SHEET
127,13,REVIEWED_BY_CONTACT_SHEET
128,20,REVIEWED_BY_CONTACT_SHEET
129,13,REVIEWED_BY_CONTACT_SHEET
130,22,REVIEWED_BY_CONTACT_SHEET
131,22,REVIEWED_BY_CONTACT_SHEET
132,11,REVIEWED_BY_CONTACT_SHEET
133,11,REVIEWED_BY_CONTACT_SHEET
134,8,REVIEWED_BY_CONTACT_SHEET
135,7,REVIEWED_BY_CONTACT_SHEET
137,5,REVIEWED_BY_CONTACT_SHEET
139,18,REVIEWED_BY_CONTACT_SHEET
140,4,REVIEWED_BY_CONTACT_SHEET
143,7,REVIEWED_BY_CONTACT_SHEET
149,16,REVIEWED_BY_CONTACT_SHEET
150,13,REVIEWED_BY_CONTACT_SHEET
151,6,REVIEWED_BY_CONTACT_SHEET
152,17,REVIEWED_BY_CONTACT_SHEET
153,14,REVIEWED_BY_CONTACT_SHEET
154,17,REVIEWED_BY_CONTACT_SHEET
155,5,REVIEWED_BY_CONTACT_SHEET
156,22,REVIEWED_BY_CONTACT_SHEET
157,14,REVIEWED_BY_CONTACT_SHEET
158,13,REVIEWED_BY_CONTACT_SHEET
159,11,REVIEWED_BY_CONTACT_SHEET
160,21,REVIEWED_BY_CONTACT_SHEET
161,31,REVIEWED_BY_CONTACT_SHEET
162,30,REVIEWED_BY_CONTACT_SHEET
163,11,REVIEWED_BY_CONTACT_SHEET
164,20,REVIEWED_BY_CONTACT_SHEET
165,18,REVIEWED_BY_CONTACT_SHEET
166,28,REVIEWED_BY_CONTACT_SHEET
167,13,REVIEWED_BY_CONTACT_SHEET
168,20,REVIEWED_BY_CONTACT_SHEET
169,12,REVIEWED_BY_CONTACT_SHEET
170,8,REVIEWED_BY_CONTACT_SHEET
171,18,REVIEWED_BY_CONTACT_SHEET
172,26,REVIEWED_BY_CONTACT_SHEET
173,24,REVIEWED_BY_CONTACT_SHEET
174,26,REVIEWED_BY_CONTACT_SHEET
175,10,REVIEWED_BY_CONTACT_SHEET
176,25,REVIEWED_BY_CONTACT_SHEET
177,13,REVIEWED_BY_CONTACT_SHEET
178,15,REVIEWED_BY_CONTACT_SHEET
179,5,REVIEWED_BY_CONTACT_SHEET
180,17,REVIEWED_BY_CONTACT_SHEET
181,8,REVIEWED_BY_CONTACT_SHEET
182,17,REVIEWED_BY_CONTACT_SHEET
183,20,REVIEWED_BY_CONTACT_SHEET
184,14,REVIEWED_BY_CONTACT_SHEET
185,20,REVIEWED_BY_CONTACT_SHEET
186,4,REVIEWED_BY_CONTACT_SHEET
193,12,REVIEWED_BY_CONTACT_SHEET
194,10,REVIEWED_BY_CONTACT_SHEET
195,11,REVIEWED_BY_CONTACT_SHEET
196,9,REVIEWED_BY_CONTACT_SHEET
197,17,REVIEWED_BY_CONTACT_SHEET
198,14,REVIEWED_BY_CONTACT_SHEET
199,13,REVIEWED_BY_CONTACT_SHEET
200,8,REVIEWED_BY_CONTACT_SHEET
202,19,REVIEWED_BY_CONTACT_SHEET
203,10,REVIEWED_BY_CONTACT_SHEET
204,17,REVIEWED_BY_CONTACT_SHEET
205,8,REVIEWED_BY_CONTACT_SHEET
207,13,REVIEWED_BY_CONTACT_SHEET
208,8,REVIEWED_BY_CONTACT_SHEET
209,18,REVIEWED_BY_CONTACT_SHEET
210,17,REVIEWED_BY_CONTACT_SHEET
211,13,REVIEWED_BY_CONTACT_SHEET
212,7,REVIEWED_BY_CONTACT_SHEET
214,8,REVIEWED_BY_CONTACT_SHEET
215,19,REVIEWED_BY_CONTACT_SHEET
216,24,REVIEWED_BY_CONTACT_SHEET
217,12,REVIEWED_BY_CONTACT_SHEET
218,9,REVIEWED_BY_CONTACT_SHEET
225,8,REVIEWED_BY_CONTACT_SHEET
227,9,REVIEWED_BY_CONTACT_SHEET
228,6,REVIEWED_BY_CONTACT_SHEET
229,4,REVIEWED_BY_CONTACT_SHEET
230,18,REVIEWED_BY_CONTACT_SHEET
231,9,REVIEWED_BY_CONTACT_SHEET
233,14,REVIEWED_BY_CONTACT_SHEET
234,15,REVIEWED_BY_CONTACT_SHEET
235,12,REVIEWED_BY_CONTACT_SHEET
236,26,REVIEWED_BY_CONTACT_SHEET
237,29,REVIEWED_BY_CONTACT_SHEET
238,9,REVIEWED_BY_CONTACT_SHEET
239,4,REVIEWED_BY_CONTACT_SHEET
240,5,REVIEWED_BY_CONTACT_SHEET
241,14,REVIEWED_BY_CONTACT_SHEET
242,14,REVIEWED_BY_CONTACT_SHEET
243,17,REVIEWED_BY_CONTACT_SHEET
244,11,REVIEWED_BY_CONTACT_SHEET
245,14,REVIEWED_BY_CONTACT_SHEET
246,16,REVIEWED_BY_CONTACT_SHEET
247,8,REVIEWED_BY_CONTACT_SHEET
249,7,REVIEWED_BY_CONTACT_SHEET
250,16,REVIEWED_BY_CONTACT_SHEET
251,16,REVIEWED_BY_CONTACT_SHEET
252,12,REVIEWED_BY_CONTACT_SHEET
253,8,REVIEWED_BY_CONTACT_SHEET
254,27,REVIEWED_BY_CONTACT_SHEET
255,11,REVIEWED_BY_CONTACT_SHEET
256,31,REVIEWED_BY_CONTACT_SHEET
257,24,REVIEWED_BY_CONTACT_SHEET
258,14,REVIEWED_BY_CONTACT_SHEET
259,7,REVIEWED_BY_CONTACT_SHEET
267,5,REVIEWED_BY_CONTACT_SHEET
268,5,REVIEWED_BY_CONTACT_SHEET
269,15,REVIEWED_BY_CONTACT_SHEET
270,13,REVIEWED_BY_CONTACT_SHEET
271,21,REVIEWED_BY_CONTACT_SHEET
272,16,REVIEWED_BY_CONTACT_SHEET
273,13,REVIEWED_BY_CONTACT_SHEET
275,13,REVIEWED_BY_CONTACT_SHEET
277,17,REVIEWED_BY_CONTACT_SHEET
278,16,REVIEWED_BY_CONTACT_SHEET
279,13,REVIEWED_BY_CONTACT_SHEET
280,14,REVIEWED_BY_CONTACT_SHEET
281,15,REVIEWED_BY_CONTACT_SHEET
282,4,REVIEWED_BY_CONTACT_SHEET
283,9,REVIEWED_BY_CONTACT_SHEET
284,20,REVIEWED_BY_CONTACT_SHEET
285,13,REVIEWED_BY_CONTACT_SHEET
286,13,REVIEWED_BY_CONTACT_SHEET
287,10,REVIEWED_BY_CONTACT_SHEET
288,18,REVIEWED_BY_CONTACT_SHEET
289,17,REVIEWED_BY_CONTACT_SHEET
290,21,REVIEWED_BY_CONTACT_SHEET
291,5,REVIEWED_BY_CONTACT_SHEET
292,17,REVIEWED_BY_CONTACT_SHEET
293,14,REVIEWED_BY_CONTACT_SHEET
294,13,REVIEWED_BY_CONTACT_SHEET
295,15,REVIEWED_BY_CONTACT_SHEET
296,17,REVIEWED_BY_CONTACT_SHEET
297,16,REVIEWED_BY_CONTACT_SHEET
298,7,REVIEWED_BY_CONTACT_SHEET
303,6,REVIEWED_BY_CONTACT_SHEET
306,5,REVIEWED_BY_CONTACT_SHEET
308,10,REVIEWED_BY_CONTACT_SHEET
312,10,REVIEWED_BY_CONTACT_SHEET
313,11,REVIEWED_BY_CONTACT_SHEET
314,10,REVIEWED_BY_CONTACT_SHEET
318,5,REVIEWED_BY_CONTACT_SHEET
324,8,REVIEWED_BY_CONTACT_SHEET
327,13,REVIEWED_BY_CONTACT_SHEET
328,9,REVIEWED_BY_CONTACT_SHEET
329,7,REVIEWED_BY_CONTACT_SHEET
330,8,REVIEWED_BY_CONTACT_SHEET
331,15,REVIEWED_BY_CONTACT_SHEET
332,4,REVIEWED_BY_CONTACT_SHEET
333,23,REVIEWED_BY_CONTACT_SHEET
334,8,REVIEWED_BY_CONTACT_SHEET
335,15,REVIEWED_BY_CONTACT_SHEET
336,8,REVIEWED_BY_CONTACT_SHEET
337,7,REVIEWED_BY_CONTACT_SHEET
338,17,REVIEWED_BY_CONTACT_SHEET
339,10,REVIEWED_BY_CONTACT_SHEET
340,10,REVIEWED_BY_CONTACT_SHEET
341,13,REVIEWED_BY_CONTACT_SHEET
342,10,REVIEWED_BY_CONTACT_SHEET
343,23,REVIEWED_BY_CONTACT_SHEET
344,11,REVIEWED_BY_CONTACT_SHEET
345,19,REVIEWED_BY_CONTACT_SHEET
346,16,REVIEWED_BY_CONTACT_SHEET
347,5,REVIEWED_BY_CONTACT_SHEET
348,13,REVIEWED_BY_CONTACT_SHEET
350,15,REVIEWED_BY_CONTACT_SHEET
358,5,REVIEWED_BY_CONTACT_SHEET
362,4,REVIEWED_BY_CONTACT_SHEET
363,7,REVIEWED_BY_CONTACT_SHEET
364,9,REVIEWED_BY_CONTACT_SHEET
365,21,REVIEWED_BY_CONTACT_SHEET
366,9,REVIEWED_BY_CONTACT_SHEET
367,9,REVIEWED_BY_CONTACT_SHEET
368,20,REVIEWED_BY_CONTACT_SHEET
369,18,REVIEWED_BY_CONTACT_SHEET
370,14,REVIEWED_BY_CONTACT_SHEET
371,4,REVIEWED_BY_CONTACT_SHEET
373,17,REVIEWED_BY_CONTACT_SHEET
374,19,REVIEWED_BY_CONTACT_SHEET
376,8,REVIEWED_BY_CONTACT_SHEET
377,16,REVIEWED_BY_CONTACT_SHEET
378,22,REVIEWED_BY_CONTACT_SHEET
379,5,REVIEWED_BY_CONTACT_SHEET
381,18,REVIEWED_BY_CONTACT_SHEET
382,4,REVIEWED_BY_CONTACT_SHEET
383,14,REVIEWED_BY_CONTACT_SHEET
384,12,REVIEWED_BY_CONTACT_SHEET
385,16,REVIEWED_BY_CONTACT_SHEET
386,14,REVIEWED_BY_CONTACT_SHEET
387,39,REVIEWED_BY_CONTACT_SHEET
388,13,REVIEWED_BY_CONTACT_SHEET
389,48,REVIEWED_BY_CONTACT_SHEET
390,8,REVIEWED_BY_CONTACT_SHEET
391,20,REVIEWED_BY_CONTACT_SHEET
397,13,REVIEWED_BY_CONTACT_SHEET
398,6,REVIEWED_BY_CONTACT_SHEET
399,20,REVIEWED_BY_CONTACT_SHEET
400,51,REVIEWED_BY_CONTACT_SHEET
401,16,REVIEWED_BY_CONTACT_SHEET
402,18,REVIEWED_BY_CONTACT_SHEET
403,34,REVIEWED_BY_CONTACT_SHEET
404,13,REVIEWED_BY_CONTACT_SHEET
405,36,REVIEWED_BY_CONTACT_SHEET
406,20,REVIEWED_BY_CONTACT_SHEET
407,19,REVIEWED_BY_CONTACT_SHEET
408,18,REVIEWED_BY_CONTACT_SHEET
409,22,REVIEWED_BY_CONTACT_SHEET
410,28,REVIEWED_BY_CONTACT_SHEET
411,6,REVIEWED_BY_CONTACT_SHEET
412,6,REVIEWED_BY_CONTACT_SHEET
413,17,REVIEWED_BY_CONTACT_SHEET
414,24,REVIEWED_BY_CONTACT_SHEET
415,19,REVIEWED_BY_CONTACT_SHEET
416,16,REVIEWED_BY_CONTACT_SHEET
417,26,REVIEWED_BY_CONTACT_SHEET
418,10,REVIEWED_BY_CONTACT_SHEET
419,13,REVIEWED_BY_CONTACT_SHEET
420,15,REVIEWED_BY_CONTACT_SHEET
421,12,REVIEWED_BY_CONTACT_SHEET
423,6,REVIEWED_BY_CONTACT_SHEET
424,21,REVIEWED_BY_CONTACT_SHEET
425,12,REVIEWED_BY_CONTACT_SHEET
426,16,REVIEWED_BY_CONTACT_SHEET
427,16,REVIEWED_BY_CONTACT_SHEET
428,13,REVIEWED_BY_CONTACT_SHEET
429,14,REVIEWED_BY_CONTACT_SHEET
430,11,REVIEWED_BY_CONTACT_SHEET
431,21,REVIEWED_BY_CONTACT_SHEET
432,34,REVIEWED_BY_CONTACT_SHEET
433,6,REVIEWED_BY_CONTACT_SHEET
438,8,REVIEWED_BY_CONTACT_SHEET
439,30,REVIEWED_BY_CONTACT_SHEET
440,11,REVIEWED_BY_CONTACT_SHEET
441,17,REVIEWED_BY_CONTACT_SHEET
442,11,REVIEWED_BY_CONTACT_SHEET
443,25,REVIEWED_BY_CONTACT_SHEET
444,17,REVIEWED_BY_CONTACT_SHEET
445,25,REVIEWED_BY_CONTACT_SHEET
446,36,REVIEWED_BY_CONTACT_SHEET
447,15,REVIEWED_BY_CONTACT_SHEET
448,8,REVIEWED_BY_CONTACT_SHEET
449,21,REVIEWED_BY_CONTACT_SHEET
450,21,REVIEWED_BY_CONTACT_SHEET
451,16,REVIEWED_BY_CONTACT_SHEET
452,20,REVIEWED_BY_CONTACT_SHEET
453,29,REVIEWED_BY_CONTACT_SHEET
454,11,REVIEWED_BY_CONTACT_SHEET
455,19,REVIEWED_BY_CONTACT_SHEET
456,24,REVIEWED_BY_CONTACT_SHEET
457,23,REVIEWED_BY_CONTACT_SHEET
458,34,REVIEWED_BY_CONTACT_SHEET
459,21,REVIEWED_BY_CONTACT_SHEET
460,25,REVIEWED_BY_CONTACT_SHEET
461,25,REVIEWED_BY_CONTACT_SHEET
462,14,REVIEWED_BY_CONTACT_SHEET
463,34,REVIEWED_BY_CONTACT_SHEET
464,13,REVIEWED_BY_CONTACT_SHEET
465,19,REVIEWED_BY_CONTACT_SHEET
466,26,REVIEWED_BY_CONTACT_SHEET
467,22,REVIEWED_BY_CONTACT_SHEET
468,15,REVIEWED_BY_CONTACT_SHEET
469,30,REVIEWED_BY_CONTACT_SHEET
470,24,REVIEWED_BY_CONTACT_SHEET
472,9,REVIEWED_BY_CONTACT_SHEET
473,27,REVIEWED_BY_CONTACT_SHEET
474,16,REVIEWED_BY_CONTACT_SHEET
475,26,REVIEWED_BY_CONTACT_SHEET
476,11,REVIEWED_BY_CONTACT_SHEET
477,24,REVIEWED_BY_CONTACT_SHEET
478,17,REVIEWED_BY_CONTACT_SHEET
479,14,REVIEWED_BY_CONTACT_SHEET
480,11,REVIEWED_BY_CONTACT_SHEET
481,35,REVIEWED_BY_CONTACT_SHEET
486,4,REVIEWED_BY_CONTACT_SHEET
487,29,REVIEWED_BY_CONTACT_SHEET
488,19,REVIEWED_BY_CONTACT_SHEET
489,26,REVIEWED_BY_CONTACT_SHEET
490,18,REVIEWED_BY_CONTACT_SHEET
491,18,REVIEWED_BY_CONTACT_SHEET
492,26,REVIEWED_BY_CONTACT_SHEET
493,20,REVIEWED_BY_CONTACT_SHEET
494,16,REVIEWED_BY_CONTACT_SHEET
495,19,REVIEWED_BY_CONTACT_SHEET
496,14,REVIEWED_BY_CONTACT_SHEET
497,27,REVIEWED_BY_CONTACT_SHEET
498,22,REVIEWED_BY_CONTACT_SHEET
499,20,REVIEWED_BY_CONTACT_SHEET
500,33,REVIEWED_BY_CONTACT_SHEET
501,19,REVIEWED_BY_CONTACT_SHEET
502,21,REVIEWED_BY_CONTACT_SHEET
503,13,REVIEWED_BY_CONTACT_SHEET
504,28,REVIEWED_BY_CONTACT_SHEET
505,19,REVIEWED_BY_CONTACT_SHEET
506,19,REVIEWED_BY_CONTACT_SHEET
507,26,REVIEWED_BY_CONTACT_SHEET
508,31,REVIEWED_BY_CONTACT_SHEET
509,15,REVIEWED_BY_CONTACT_SHEET
510,19,REVIEWED_BY_CONTACT_SHEET
511,11,REVIEWED_BY_CONTACT_SHEET
512,18,REVIEWED_BY_CONTACT_SHEET
513,25,REVIEWED_BY_CONTACT_SHEET
514,19,REVIEWED_BY_CONTACT_SHEET
515,26,REVIEWED_BY_CONTACT_SHEET
516,32,REVIEWED_BY_CONTACT_SHEET
517,11,REVIEWED_BY_CONTACT_SHEET
518,19,REVIEWED_BY_CONTACT_SHEET
519,15,REVIEWED_BY_CONTACT_SHEET
520,24,REVIEWED_BY_CONTACT_SHEET
521,20,REVIEWED_BY_CONTACT_SHEET
522,16,REVIEWED_BY_CONTACT_SHEET
523,10,REVIEWED_BY_CONTACT_SHEET
525,5,REVIEWED_BY_CONTACT_SHEET
526,33,REVIEWED_BY_CONTACT_SHEET
527,56,REVIEWED_BY_CONTACT_SHEET
528,22,REVIEWED_BY_CONTACT_SHEET
529,24,REVIEWED_BY_CONTACT_SHEET
530,5,REVIEWED_BY_CONTACT_SHEET
534,19,REVIEWED_BY_CONTACT_SHEET
535,16,REVIEWED_BY_CONTACT_SHEET
536,5,REVIEWED_BY_CONTACT_SHEET
540,7,REVIEWED_BY_CONTACT_SHEET
541,28,REVIEWED_BY_CONTACT_SHEET
543,11,REVIEWED_BY_CONTACT_SHEET
544,7,REVIEWED_BY_CONTACT_SHEET
545,12,REVIEWED_BY_CONTACT_SHEET
548,16,REVIEWED_BY_CONTACT_SHEET
552,10,REVIEWED_BY_CONTACT_SHEET
553,17,REVIEWED_BY_CONTACT_SHEET
555,5,REVIEWED_BY_CONTACT_SHEET
559,5,REVIEWED_BY_CONTACT_SHEET
572,4,REVIEWED_BY_CONTACT_SHEET
573,11,REVIEWED_BY_CONTACT_SHEET
574,5,REVIEWED_BY_CONTACT_SHEET
575,11,REVIEWED_BY_CONTACT_SHEET
577,5,REVIEWED_BY_CONTACT_SHEET
579,9,REVIEWED_BY_CONTACT_SHEET
580,5,REVIEWED_BY_CONTACT_SHEET
581,5,REVIEWED_BY_CONTACT_SHEET
582,12,REVIEWED_BY_CONTACT_SHEET
583,5,REVIEWED_BY_CONTACT_SHEET
584,6,REVIEWED_BY_CONTACT_SHEET
586,8,REVIEWED_BY_CONTACT_SHEET
587,4,REVIEWED_BY_CONTACT_SHEET
588,9,REVIEWED_BY_CONTACT_SHEET
589,20,REVIEWED_BY_CONTACT_SHEET
