chapter,section,language,example_id,classification,execution_status,expected,actual,error,correctness,action_taken,notes
1,Beyond the Textbook Definition,unlabeled,ch01-b001-L47,PSEUDOCODE,NOT TESTED,,,,MANUAL REVIEW,none,chapters/01-introduction.qmd:47
1,Algorithms vs. Programs: A Crucial Distinction,unlabeled,ch01-b002-L78,PSEUDOCODE,NOT TESTED,,,,MANUAL REVIEW,none,chapters/01-introduction.qmd:78
1,Algorithms vs. Programs: A Crucial Distinction,python,ch01-b003-L86,PASS,PASS,,,,SYNTAX/DEFINITION PASS,none,chapters/01-introduction.qmd:86; definition-only block
1,Algorithms vs. Programs: A Crucial Distinction,java,ch01-b004-L97,REQUIRES TOOLCHAIN,NOT TESTED,,,,MANUAL REVIEW,none,chapters/01-introduction.qmd:97
1,Algorithms vs. Programs: A Crucial Distinction,javascript,ch01-b005-L111,REQUIRES TOOLCHAIN,NOT TESTED,,,,MANUAL REVIEW,none,chapters/01-introduction.qmd:111
1,Criterion 1: Correctness—Getting the Right Answer,unlabeled,ch01-b006-L161,PARTIAL / SNIPPET,NOT TESTED,,,,MANUAL REVIEW,none,chapters/01-introduction.qmd:161
1,Criterion 2: Efficiency—Getting There Fast,unlabeled,ch01-b007-L207,PARTIAL / SNIPPET,NOT TESTED,,,,MANUAL REVIEW,none,chapters/01-introduction.qmd:207
1,Criterion 2: Efficiency—Getting There Fast,unlabeled,ch01-b008-L217,PARTIAL / SNIPPET,NOT TESTED,,,,MANUAL REVIEW,none,chapters/01-introduction.qmd:217
1,Criterion 3: Clarity and Elegance,python,ch01-b009-L244,FAIL,FAIL,,,"Traceback (most recent call last):
  File ""/var/folders/yr/__8w8qmx287bjcrry9j4w1cc0000gn/T/book-example-uxup7yh3/example.py"", line 2, in <module>
    temp = a
           ^
NameError: name 'a' is not defined",FAIL,none,chapters/01-introduction.qmd:244
1,Criterion 3: Clarity and Elegance,python,ch01-b010-L253,FAIL,FAIL,,,"Traceback (most recent call last):
  File ""/var/folders/yr/__8w8qmx287bjcrry9j4w1cc0000gn/T/book-example-gbazes94/example.py"", line 2, in <module>
    a = a ^ b
        ^
NameError: name 'a' is not defined",FAIL,none,chapters/01-introduction.qmd:253
1,Criterion 4: Robustness,python,ch01-b011-L275,PASS,PASS,,,,SYNTAX/DEFINITION PASS,none,chapters/01-introduction.qmd:275; definition-only block
1,Criterion 4: Robustness,python,ch01-b012-L292,PASS,PASS,,,,SYNTAX/DEFINITION PASS,none,chapters/01-introduction.qmd:292; definition-only block
1,Step 3: Choose a Strategy,unlabeled,ch01-b013-L412,PSEUDOCODE,NOT TESTED,,,,MANUAL REVIEW,none,chapters/01-introduction.qmd:412
1,Step 3: Choose a Strategy,unlabeled,ch01-b014-L425,PSEUDOCODE,NOT TESTED,,,,MANUAL REVIEW,none,chapters/01-introduction.qmd:425
1,Step 4: Design the Algorithm,unlabeled,ch01-b015-L436,PSEUDOCODE,NOT TESTED,,,,MANUAL REVIEW,none,chapters/01-introduction.qmd:436
1,Step 7: Implement,python,ch01-b016-L504,PASS,PASS,,,,SYNTAX/DEFINITION PASS,none,chapters/01-introduction.qmd:504; definition-only block
1,Step 8: Test Thoroughly,python,ch01-b017-L536,MANUAL REVIEW,COMPILE PASS,,,,NOT TESTED,none,chapters/01-introduction.qmd:536; top-level Assert requires manual review
1,"Approach 1: The ""Correct"" Way",python,ch01-b018-L588,PASS,PASS,,,,SYNTAX/DEFINITION PASS,none,chapters/01-introduction.qmd:588; definition-only block
1,"Approach 2: The ""Fast"" Way (QuickSelect)",python,ch01-b019-L608,PASS,PASS,,,,SYNTAX/DEFINITION PASS,none,chapters/01-introduction.qmd:608; definition-only block
1,"Approach 3: The ""Approximate"" Way",python,ch01-b020-L647,PASS,PASS,,,,SYNTAX/DEFINITION PASS,none,chapters/01-introduction.qmd:647; definition-only block
1,The Surprising Third Option: Making Algorithms Smarter,python,ch01-b021-L738,PASS,PASS,,,,SYNTAX/DEFINITION PASS,none,chapters/01-introduction.qmd:738; definition-only block
1,The Surprising Third Option: Making Algorithms Smarter,python,ch01-b022-L750,PASS,PASS,,,,SYNTAX/DEFINITION PASS,none,chapters/01-introduction.qmd:750; definition-only block
1,The Surprising Third Option: Making Algorithms Smarter,python,ch01-b023-L759,PASS,PASS,,,,SYNTAX/DEFINITION PASS,none,chapters/01-introduction.qmd:759; definition-only block
1,Big-O Notation (Upper Bound),unlabeled,ch01-b024-L829,PSEUDOCODE,NOT TESTED,,,,MANUAL REVIEW,none,chapters/01-introduction.qmd:829
1,Big-O Notation (Upper Bound),unlabeled,ch01-b025-L841,PSEUDOCODE,NOT TESTED,,,,MANUAL REVIEW,none,chapters/01-introduction.qmd:841
1,Big-O Notation (Upper Bound),unlabeled,ch01-b026-L854,PSEUDOCODE,NOT TESTED,,,,MANUAL REVIEW,none,chapters/01-introduction.qmd:854
1,Big-Ω Notation (Lower Bound),unlabeled,ch01-b027-L864,PSEUDOCODE,NOT TESTED,,,,MANUAL REVIEW,none,chapters/01-introduction.qmd:864
1,Big-Ω Notation (Lower Bound),unlabeled,ch01-b028-L874,PSEUDOCODE,NOT TESTED,,,,MANUAL REVIEW,none,chapters/01-introduction.qmd:874
1,Big-Ω Notation (Lower Bound),unlabeled,ch01-b029-L880,PSEUDOCODE,NOT TESTED,,,,MANUAL REVIEW,none,chapters/01-introduction.qmd:880
1,Big-Θ Notation (Tight Bound),unlabeled,ch01-b030-L894,PSEUDOCODE,NOT TESTED,,,,MANUAL REVIEW,none,chapters/01-introduction.qmd:894
1,"Misconception 1: ""Big-O means exact growth rate""",python,ch01-b031-L914,PASS,PASS,,,,SYNTAX/DEFINITION PASS,none,chapters/01-introduction.qmd:914; definition-only block
1,"Misconception 4: ""Asymptotic analysis applies to small inputs""",python,ch01-b032-L974,PASS,PASS,,,,SYNTAX/DEFINITION PASS,none,chapters/01-introduction.qmd:974; definition-only block
1,Growth Rate Hierarchy: A Roadmap,unlabeled,ch01-b033-L989,PSEUDOCODE,NOT TESTED,,,,MANUAL REVIEW,none,chapters/01-introduction.qmd:989
1,Example 1: Nested Loops,python,ch01-b034-L1101,PASS,PASS,,,,SYNTAX/DEFINITION PASS,none,chapters/01-introduction.qmd:1101; definition-only block
1,Example 2: Variable Inner Loop,python,ch01-b035-L1118,PASS,PASS,,,,SYNTAX/DEFINITION PASS,none,chapters/01-introduction.qmd:1118; definition-only block
1,Example 3: Logarithmic Loop,python,ch01-b036-L1138,PASS,PASS,,,,SYNTAX/DEFINITION PASS,none,chapters/01-introduction.qmd:1138; definition-only block
1,Example 4: Divide and Conquer,python,ch01-b037-L1163,PASS,PASS,,,,SYNTAX/DEFINITION PASS,none,chapters/01-introduction.qmd:1163; definition-only block
1,Performance Prediction,python,ch01-b038-L1204,MANUAL REVIEW,COMPILE PASS,,,,NOT TESTED,none,chapters/01-introduction.qmd:1204; top-level Expr requires manual review
1,Algorithm Selection,python,ch01-b039-L1221,PASS,PASS,,,,SYNTAX/DEFINITION PASS,none,chapters/01-introduction.qmd:1221; definition-only block
1,Bottleneck Identification,python,ch01-b040-L1234,PASS,PASS,,,,SYNTAX/DEFINITION PASS,none,chapters/01-introduction.qmd:1234; definition-only block
1,Space Complexity,python,ch01-b041-L1286,PASS,PASS,,,,SYNTAX/DEFINITION PASS,none,chapters/01-introduction.qmd:1286; definition-only block
1,Python: Our Language of Choice,bash,ch01-b042-L1334,MANUAL REVIEW,NOT TESTED,,,,MANUAL REVIEW,none,chapters/01-introduction.qmd:1334
1,Virtual Environments: Keeping Things Clean,bash,ch01-b043-L1352,MANUAL REVIEW,NOT TESTED,,,,MANUAL REVIEW,none,chapters/01-introduction.qmd:1352
1,Essential Libraries,bash,ch01-b044-L1368,MANUAL REVIEW,NOT TESTED,,,,MANUAL REVIEW,none,chapters/01-introduction.qmd:1368
1,Project Structure: Building for Scale,unlabeled,ch01-b045-L1392,PSEUDOCODE,NOT TESTED,,,,MANUAL REVIEW,none,chapters/01-introduction.qmd:1392
1,Project Structure: Building for Scale,bash,ch01-b046-L1452,MANUAL REVIEW,NOT TESTED,,,,MANUAL REVIEW,none,chapters/01-introduction.qmd:1452
1,Version Control: Tracking Your Journey,bash,ch01-b047-L1468,MANUAL REVIEW,NOT TESTED,,,,MANUAL REVIEW,none,chapters/01-introduction.qmd:1468
1,Building Your Benchmarking Framework,python,ch01-b048-L1548,MANUAL REVIEW,COMPILE PASS,,,,NOT TESTED,none,chapters/01-introduction.qmd:1548; non-baseline or system-capable import
1,Testing Framework: Ensuring Correctness,python,ch01-b049-L1949,MANUAL REVIEW,COMPILE PASS,,,,NOT TESTED,none,chapters/01-introduction.qmd:1949; non-baseline or system-capable import
1,Algorithm Implementations,python,ch01-b050-L1991,MANUAL REVIEW,COMPILE PASS,,,,NOT TESTED,none,chapters/01-introduction.qmd:1991; top-level Assign requires manual review
1,Complete Working Example,python,ch01-b051-L2203,PARTIAL / SNIPPET,COMPILE FAIL,,,unterminated string literal (detected at line 169) (line 169),NOT TESTED,none,chapters/01-introduction.qmd:2203
1,Complete Working Example,python,ch01-b052-L2385,PARTIAL / SNIPPET,COMPILE FAIL,,,unexpected indent (line 1),NOT TESTED,none,chapters/01-introduction.qmd:2385
1,Theoretical Problems,python,ch01-b053-L2573,PASS,PASS,,,,SYNTAX/DEFINITION PASS,none,chapters/01-introduction.qmd:2573; definition-only block
1,Practical Programming Problems,python,ch01-b054-L2681,PASS,PASS,,,,SYNTAX/DEFINITION PASS,none,chapters/01-introduction.qmd:2681; definition-only block
1,Practical Programming Problems,python,ch01-b055-L2701,PASS,PASS,,,,SYNTAX/DEFINITION PASS,none,chapters/01-introduction.qmd:2701; definition-only block
1,Practical Programming Problems,python,ch01-b056-L2719,PASS,PASS,,,,SYNTAX/DEFINITION PASS,none,chapters/01-introduction.qmd:2719; definition-only block
1,Practical Programming Problems,python,ch01-b057-L2738,PASS,PASS,,,,SYNTAX/DEFINITION PASS,none,chapters/01-introduction.qmd:2738; definition-only block
1,Submission Guidelines,unlabeled,ch01-b058-L2898,PSEUDOCODE,NOT TESTED,,,,MANUAL REVIEW,none,chapters/01-introduction.qmd:2898
2,A Simple Example: Finding Maximum Element,python,ch02-b001-L111,PASS,PASS,,,,SYNTAX/DEFINITION PASS,none,chapters/02-Divide-and-Conquer.qmd:111; definition-only block
2,A Simple Example: Finding Maximum Element,python,ch02-b002-L123,MANUAL REVIEW,COMPILE PASS,,,,NOT TESTED,none,chapters/02-Divide-and-Conquer.qmd:123; top-level Assign requires manual review
2,The Recursion Tree: Visualizing Divide and Conquer,unlabeled,ch02-b003-L194,PSEUDOCODE,NOT TESTED,,,,MANUAL REVIEW,none,chapters/02-Divide-and-Conquer.qmd:194
2,The Merge Operation: The Secret Sauce,unlabeled,ch02-b004-L296,PSEUDOCODE,NOT TESTED,,,,MANUAL REVIEW,none,chapters/02-Divide-and-Conquer.qmd:296
2,The Merge Operation: The Secret Sauce,python,ch02-b005-L306,PASS,PASS,,,,SYNTAX/DEFINITION PASS,none,chapters/02-Divide-and-Conquer.qmd:306; definition-only block
2,The Merge Operation: The Secret Sauce,unlabeled,ch02-b006-L346,PSEUDOCODE,NOT TESTED,,,,MANUAL REVIEW,none,chapters/02-Divide-and-Conquer.qmd:346
2,The Complete Merge Sort Algorithm,python,ch02-b007-L390,PASS,PASS,,,,SYNTAX/DEFINITION PASS,none,chapters/02-Divide-and-Conquer.qmd:390; definition-only block
2,The Complete Merge Sort Algorithm,unlabeled,ch02-b008-L450,PSEUDOCODE,NOT TESTED,,,,MANUAL REVIEW,none,chapters/02-Divide-and-Conquer.qmd:450
2,The Complete Merge Sort Algorithm,unlabeled,ch02-b009-L472,PSEUDOCODE,NOT TESTED,,,,MANUAL REVIEW,none,chapters/02-Divide-and-Conquer.qmd:472
2,Time Complexity Analysis,unlabeled,ch02-b010-L537,PSEUDOCODE,NOT TESTED,,,,MANUAL REVIEW,none,chapters/02-Divide-and-Conquer.qmd:537
2,Time Complexity Analysis,unlabeled,ch02-b011-L544,PSEUDOCODE,NOT TESTED,,,,MANUAL REVIEW,none,chapters/02-Divide-and-Conquer.qmd:544
2,Time Complexity Analysis,unlabeled,ch02-b012-L557,PSEUDOCODE,NOT TESTED,,,,MANUAL REVIEW,none,chapters/02-Divide-and-Conquer.qmd:557
2,Time Complexity Analysis,unlabeled,ch02-b013-L582,PSEUDOCODE,NOT TESTED,,,,MANUAL REVIEW,none,chapters/02-Divide-and-Conquer.qmd:582
2,Optimizing Merge Sort,python,ch02-b014-L659,PASS,PASS,,,,SYNTAX/DEFINITION PASS,none,chapters/02-Divide-and-Conquer.qmd:659; definition-only block
2,Optimizing Merge Sort,python,ch02-b015-L685,PASS,PASS,,,,SYNTAX/DEFINITION PASS,none,chapters/02-Divide-and-Conquer.qmd:685; definition-only block
2,Optimizing Merge Sort,python,ch02-b016-L712,PASS,PASS,,,,SYNTAX/DEFINITION PASS,none,chapters/02-Divide-and-Conquer.qmd:712; definition-only block
2,A Simple Example,unlabeled,ch02-b017-L771,PSEUDOCODE,NOT TESTED,,,,MANUAL REVIEW,none,chapters/02-Divide-and-Conquer.qmd:771
2,The Partition Operation,python,ch02-b018-L810,PASS,PASS,,,,SYNTAX/DEFINITION PASS,none,chapters/02-Divide-and-Conquer.qmd:810; definition-only block
2,The Partition Operation,unlabeled,ch02-b019-L855,PSEUDOCODE,NOT TESTED,,,,MANUAL REVIEW,none,chapters/02-Divide-and-Conquer.qmd:855
2,The Complete QuickSort Algorithm,python,ch02-b020-L908,PASS,PASS,,,,SYNTAX/DEFINITION PASS,none,chapters/02-Divide-and-Conquer.qmd:908; definition-only block
2,The Complete QuickSort Algorithm,unlabeled,ch02-b021-L966,PSEUDOCODE,NOT TESTED,,,,MANUAL REVIEW,none,chapters/02-Divide-and-Conquer.qmd:966
2,Best Case: O(n log n),unlabeled,ch02-b022-L1009,PSEUDOCODE,NOT TESTED,,,,MANUAL REVIEW,none,chapters/02-Divide-and-Conquer.qmd:1009
2,Best Case: O(n log n),unlabeled,ch02-b023-L1018,PSEUDOCODE,NOT TESTED,,,,MANUAL REVIEW,none,chapters/02-Divide-and-Conquer.qmd:1018
2,Worst Case: O(n²),unlabeled,ch02-b024-L1037,PSEUDOCODE,NOT TESTED,,,,MANUAL REVIEW,none,chapters/02-Divide-and-Conquer.qmd:1037
2,Worst Case: O(n²),unlabeled,ch02-b025-L1047,PSEUDOCODE,NOT TESTED,,,,MANUAL REVIEW,none,chapters/02-Divide-and-Conquer.qmd:1047
2,Worst Case: O(n²),unlabeled,ch02-b026-L1058,PSEUDOCODE,NOT TESTED,,,,MANUAL REVIEW,none,chapters/02-Divide-and-Conquer.qmd:1058
2,The Worst Case Problem: Randomization to the Rescue!,python,ch02-b027-L1101,PASS,PASS,,,,SYNTAX/DEFINITION PASS,none,chapters/02-Divide-and-Conquer.qmd:1101; definition-only block
2,Alternative Pivot Selection Strategies,python,ch02-b028-L1160,PASS,PASS,,,,SYNTAX/DEFINITION PASS,none,chapters/02-Divide-and-Conquer.qmd:1160; definition-only block
2,Alternative Pivot Selection Strategies,python,ch02-b029-L1191,PASS,PASS,,,,SYNTAX/DEFINITION PASS,none,chapters/02-Divide-and-Conquer.qmd:1191; definition-only block
2,Alternative Pivot Selection Strategies,python,ch02-b030-L1217,PASS,PASS,,,,SYNTAX/DEFINITION PASS,none,chapters/02-Divide-and-Conquer.qmd:1217; definition-only block
2,Optimizing QuickSort for Production,python,ch02-b031-L1279,PASS,PASS,,,,SYNTAX/DEFINITION PASS,none,chapters/02-Divide-and-Conquer.qmd:1279; definition-only block
2,Optimizing QuickSort for Production,python,ch02-b032-L1317,PASS,PASS,,,,SYNTAX/DEFINITION PASS,none,chapters/02-Divide-and-Conquer.qmd:1317; definition-only block
2,Optimizing QuickSort for Production,python,ch02-b033-L1364,PASS,PASS,,,,SYNTAX/DEFINITION PASS,none,chapters/02-Divide-and-Conquer.qmd:1364; definition-only block
2,Recurrence Relations: The Language of Recursion,unlabeled,ch02-b034-L1411,PSEUDOCODE,NOT TESTED,,,,MANUAL REVIEW,none,chapters/02-Divide-and-Conquer.qmd:1411
2,Recurrence Relations: The Language of Recursion,unlabeled,ch02-b035-L1424,PSEUDOCODE,NOT TESTED,,,,MANUAL REVIEW,none,chapters/02-Divide-and-Conquer.qmd:1424
2,Recurrence Relations: The Language of Recursion,unlabeled,ch02-b036-L1435,PSEUDOCODE,NOT TESTED,,,,MANUAL REVIEW,none,chapters/02-Divide-and-Conquer.qmd:1435
2,Recurrence Relations: The Language of Recursion,unlabeled,ch02-b037-L1443,PSEUDOCODE,NOT TESTED,,,,MANUAL REVIEW,none,chapters/02-Divide-and-Conquer.qmd:1443
2,Recurrence Relations: The Language of Recursion,unlabeled,ch02-b038-L1454,PSEUDOCODE,NOT TESTED,,,,MANUAL REVIEW,none,chapters/02-Divide-and-Conquer.qmd:1454
2,Method 1: Recursion Tree (Visual),unlabeled,ch02-b039-L1473,PSEUDOCODE,NOT TESTED,,,,MANUAL REVIEW,none,chapters/02-Divide-and-Conquer.qmd:1473
2,Method 2: Substitution (Guess and Verify),unlabeled,ch02-b040-L1513,PSEUDOCODE,NOT TESTED,,,,MANUAL REVIEW,none,chapters/02-Divide-and-Conquer.qmd:1513
2,The Master Theorem,unlabeled,ch02-b041-L1541,PSEUDOCODE,NOT TESTED,,,,MANUAL REVIEW,none,chapters/02-Divide-and-Conquer.qmd:1541
2,The Master Theorem,unlabeled,ch02-b042-L1549,PSEUDOCODE,NOT TESTED,,,,MANUAL REVIEW,none,chapters/02-Divide-and-Conquer.qmd:1549
2,The Master Theorem,unlabeled,ch02-b043-L1555,PSEUDOCODE,NOT TESTED,,,,MANUAL REVIEW,none,chapters/02-Divide-and-Conquer.qmd:1555
2,The Master Theorem,unlabeled,ch02-b044-L1561,PSEUDOCODE,NOT TESTED,,,,MANUAL REVIEW,none,chapters/02-Divide-and-Conquer.qmd:1561
2,Example 1: Merge Sort,unlabeled,ch02-b045-L1606,PSEUDOCODE,NOT TESTED,,,,MANUAL REVIEW,none,chapters/02-Divide-and-Conquer.qmd:1606
2,Example 1: Merge Sort,unlabeled,ch02-b046-L1612,PSEUDOCODE,NOT TESTED,,,,MANUAL REVIEW,none,chapters/02-Divide-and-Conquer.qmd:1612
2,Example 1: Merge Sort,unlabeled,ch02-b047-L1623,PSEUDOCODE,NOT TESTED,,,,MANUAL REVIEW,none,chapters/02-Divide-and-Conquer.qmd:1623
2,Example 2: Binary Search,unlabeled,ch02-b048-L1643,PSEUDOCODE,NOT TESTED,,,,MANUAL REVIEW,none,chapters/02-Divide-and-Conquer.qmd:1643
2,Example 2: Binary Search,unlabeled,ch02-b049-L1649,PSEUDOCODE,NOT TESTED,,,,MANUAL REVIEW,none,chapters/02-Divide-and-Conquer.qmd:1649
2,Example 2: Binary Search,unlabeled,ch02-b050-L1660,PSEUDOCODE,NOT TESTED,,,,MANUAL REVIEW,none,chapters/02-Divide-and-Conquer.qmd:1660
2,Example 3: Finding Maximum (Divide & Conquer),unlabeled,ch02-b051-L1678,PSEUDOCODE,NOT TESTED,,,,MANUAL REVIEW,none,chapters/02-Divide-and-Conquer.qmd:1678
2,Example 3: Finding Maximum (Divide & Conquer),unlabeled,ch02-b052-L1684,PSEUDOCODE,NOT TESTED,,,,MANUAL REVIEW,none,chapters/02-Divide-and-Conquer.qmd:1684
2,Example 3: Finding Maximum (Divide & Conquer),unlabeled,ch02-b053-L1695,PSEUDOCODE,NOT TESTED,,,,MANUAL REVIEW,none,chapters/02-Divide-and-Conquer.qmd:1695
2,Example 4: Strassen's Matrix Multiplication (Preview),unlabeled,ch02-b054-L1715,PSEUDOCODE,NOT TESTED,,,,MANUAL REVIEW,none,chapters/02-Divide-and-Conquer.qmd:1715
2,Example 4: Strassen's Matrix Multiplication (Preview),unlabeled,ch02-b055-L1721,PSEUDOCODE,NOT TESTED,,,,MANUAL REVIEW,none,chapters/02-Divide-and-Conquer.qmd:1721
2,Example 4: Strassen's Matrix Multiplication (Preview),unlabeled,ch02-b056-L1732,PSEUDOCODE,NOT TESTED,,,,MANUAL REVIEW,none,chapters/02-Divide-and-Conquer.qmd:1732
2,Example 5: A Contrived Case 3 Example,unlabeled,ch02-b057-L1751,PSEUDOCODE,NOT TESTED,,,,MANUAL REVIEW,none,chapters/02-Divide-and-Conquer.qmd:1751
2,Example 5: A Contrived Case 3 Example,unlabeled,ch02-b058-L1757,PSEUDOCODE,NOT TESTED,,,,MANUAL REVIEW,none,chapters/02-Divide-and-Conquer.qmd:1757
2,Example 5: A Contrived Case 3 Example,unlabeled,ch02-b059-L1766,PSEUDOCODE,NOT TESTED,,,,MANUAL REVIEW,none,chapters/02-Divide-and-Conquer.qmd:1766
2,Example 5: A Contrived Case 3 Example,unlabeled,ch02-b060-L1778,PSEUDOCODE,NOT TESTED,,,,MANUAL REVIEW,none,chapters/02-Divide-and-Conquer.qmd:1778
2,When Master Theorem Doesn't Apply,unlabeled,ch02-b061-L1793,PSEUDOCODE,NOT TESTED,,,,MANUAL REVIEW,none,chapters/02-Divide-and-Conquer.qmd:1793
2,When Master Theorem Doesn't Apply,unlabeled,ch02-b062-L1810,PSEUDOCODE,NOT TESTED,,,,MANUAL REVIEW,none,chapters/02-Divide-and-Conquer.qmd:1810
2,When Master Theorem Doesn't Apply,unlabeled,ch02-b063-L1819,PSEUDOCODE,NOT TESTED,,,,MANUAL REVIEW,none,chapters/02-Divide-and-Conquer.qmd:1819
2,When Master Theorem Doesn't Apply,unlabeled,ch02-b064-L1829,PSEUDOCODE,NOT TESTED,,,,MANUAL REVIEW,none,chapters/02-Divide-and-Conquer.qmd:1829
2,Master Theorem Cheat Sheet,unlabeled,ch02-b065-L1848,PSEUDOCODE,NOT TESTED,,,,MANUAL REVIEW,none,chapters/02-Divide-and-Conquer.qmd:1848
2,Akra-Bazzi Method (Generalized Master Theorem),unlabeled,ch02-b066-L1937,PSEUDOCODE,NOT TESTED,,,,MANUAL REVIEW,none,chapters/02-Divide-and-Conquer.qmd:1937
2,Generating Functions,unlabeled,ch02-b067-L1947,PSEUDOCODE,NOT TESTED,,,,MANUAL REVIEW,none,chapters/02-Divide-and-Conquer.qmd:1947
2,Application 1: Fast Integer Multiplication (Karatsuba Algorithm),unlabeled,ch02-b068-L1971,PSEUDOCODE,NOT TESTED,,,,MANUAL REVIEW,none,chapters/02-Divide-and-Conquer.qmd:1971
2,Application 1: Fast Integer Multiplication (Karatsuba Algorithm),unlabeled,ch02-b069-L1982,PSEUDOCODE,NOT TESTED,,,,MANUAL REVIEW,none,chapters/02-Divide-and-Conquer.qmd:1982
2,Application 1: Fast Integer Multiplication (Karatsuba Algorithm),unlabeled,ch02-b070-L1991,PSEUDOCODE,NOT TESTED,,,,MANUAL REVIEW,none,chapters/02-Divide-and-Conquer.qmd:1991
2,Application 1: Fast Integer Multiplication (Karatsuba Algorithm),unlabeled,ch02-b071-L2007,PSEUDOCODE,NOT TESTED,,,,MANUAL REVIEW,none,chapters/02-Divide-and-Conquer.qmd:2007
2,Application 1: Fast Integer Multiplication (Karatsuba Algorithm),python,ch02-b072-L2020,PASS,PASS,,,,SYNTAX/DEFINITION PASS,none,chapters/02-Divide-and-Conquer.qmd:2020; definition-only block
2,Application 1: Fast Integer Multiplication (Karatsuba Algorithm),unlabeled,ch02-b073-L2058,PSEUDOCODE,NOT TESTED,,,,MANUAL REVIEW,none,chapters/02-Divide-and-Conquer.qmd:2058
2,Application 2: Closest Pair of Points,python,ch02-b074-L2084,PASS,PASS,,,,SYNTAX/DEFINITION PASS,none,chapters/02-Divide-and-Conquer.qmd:2084; definition-only block
2,Application 2: Closest Pair of Points,python,ch02-b075-L2100,PASS,PASS,,,,SYNTAX/DEFINITION PASS,none,chapters/02-Divide-and-Conquer.qmd:2100; definition-only block
2,Application 2: Closest Pair of Points,unlabeled,ch02-b076-L2209,PSEUDOCODE,NOT TESTED,,,,MANUAL REVIEW,none,chapters/02-Divide-and-Conquer.qmd:2209
2,Application 3: Matrix Multiplication (Strassen's Algorithm),python,ch02-b077-L2223,PASS,PASS,,,,SYNTAX/DEFINITION PASS,none,chapters/02-Divide-and-Conquer.qmd:2223; definition-only block
2,Application 3: Matrix Multiplication (Strassen's Algorithm),unlabeled,ch02-b078-L2241,PSEUDOCODE,NOT TESTED,,,,MANUAL REVIEW,none,chapters/02-Divide-and-Conquer.qmd:2241
2,Application 3: Matrix Multiplication (Strassen's Algorithm),unlabeled,ch02-b079-L2252,PSEUDOCODE,NOT TESTED,,,,MANUAL REVIEW,none,chapters/02-Divide-and-Conquer.qmd:2252
2,Application 4: Fast Fourier Transform (FFT),python,ch02-b080-L2295,MANUAL REVIEW,COMPILE PASS,,,,NOT TESTED,none,chapters/02-Divide-and-Conquer.qmd:2295; non-baseline or system-capable import
2,Application 4: Fast Fourier Transform (FFT),unlabeled,ch02-b081-L2337,PSEUDOCODE,NOT TESTED,,,,MANUAL REVIEW,none,chapters/02-Divide-and-Conquer.qmd:2337
2,Building a Production-Quality Sorting Library,python,ch02-b082-L2352,MANUAL REVIEW,COMPILE PASS,,,,NOT TESTED,none,chapters/02-Divide-and-Conquer.qmd:2352; top-level Assign requires manual review
2,Performance Benchmarking,python,ch02-b083-L2561,PARTIAL / SNIPPET,COMPILE FAIL,,,invalid syntax (line 67),NOT TESTED,none,chapters/02-Divide-and-Conquer.qmd:2561
2,Common Implementation Pitfalls,python,ch02-b084-L2749,PASS,PASS,,,,SYNTAX/DEFINITION PASS,none,chapters/02-Divide-and-Conquer.qmd:2749; definition-only block
2,Common Implementation Pitfalls,python,ch02-b085-L2765,PASS,PASS,,,,SYNTAX/DEFINITION PASS,none,chapters/02-Divide-and-Conquer.qmd:2765; definition-only block
2,Common Implementation Pitfalls,python,ch02-b086-L2779,PASS,PASS,,,,SYNTAX/DEFINITION PASS,none,chapters/02-Divide-and-Conquer.qmd:2779; definition-only block
2,Common Implementation Pitfalls,python,ch02-b087-L2795,PASS,PASS,,,,SYNTAX/DEFINITION PASS,none,chapters/02-Divide-and-Conquer.qmd:2795; definition-only block
2,Parallel Divide and Conquer,python,ch02-b088-L2815,MANUAL REVIEW,COMPILE PASS,,,,NOT TESTED,none,chapters/02-Divide-and-Conquer.qmd:2815; non-baseline or system-capable import
2,Cache-Oblivious Algorithms,python,ch02-b089-L2875,PASS,PASS,,,,SYNTAX/DEFINITION PASS,none,chapters/02-Divide-and-Conquer.qmd:2875; definition-only block
2,When to Use Each Algorithm,unlabeled,ch02-b090-L2984,PSEUDOCODE,NOT TESTED,,,,MANUAL REVIEW,none,chapters/02-Divide-and-Conquer.qmd:2984
2,Programming Problems,python,ch02-b091-L3115,FAIL,FAIL,,,"Traceback (most recent call last):
  File ""/var/folders/yr/__8w8qmx287bjcrry9j4w1cc0000gn/T/book-example-rk51afkw/example.py"", line 1, in <module>
    def hybrid_sort(arr: List[int], threshold: int = 10) -> List[int]:
                         ^^^^
NameError: name 'List' is not defined. Did you mean: 'list'?",FAIL,none,chapters/02-Divide-and-Conquer.qmd:3115
2,Programming Problems,python,ch02-b092-L3138,FAIL,FAIL,,,"Traceback (most recent call last):
  File ""/var/folders/yr/__8w8qmx287bjcrry9j4w1cc0000gn/T/book-example-9dfgnqnf/example.py"", line 1, in <module>
    def find_first_occurrence(arr: List[int], target: int) -> int:
                                   ^^^^
NameError: name 'List' is not defined. Did you mean: 'list'?",FAIL,none,chapters/02-Divide-and-Conquer.qmd:3138
2,Programming Problems,python,ch02-b093-L3164,FAIL,FAIL,,,"Traceback (most recent call last):
  File ""/var/folders/yr/__8w8qmx287bjcrry9j4w1cc0000gn/T/book-example-g0f9xocu/example.py"", line 1, in <module>
    def quickselect(arr: List[int], k: int) -> int:
                         ^^^^
NameError: name 'List' is not defined. Did you mean: 'list'?",FAIL,none,chapters/02-Divide-and-Conquer.qmd:3164
2,Programming Problems,python,ch02-b094-L3189,FAIL,FAIL,,,"Traceback (most recent call last):
  File ""/var/folders/yr/__8w8qmx287bjcrry9j4w1cc0000gn/T/book-example-3ptkr0dl/example.py"", line 1, in <module>
    def merge_k_lists(lists: List[List[int]]) -> List[int]:
                             ^^^^
NameError: name 'List' is not defined. Did you mean: 'list'?",FAIL,none,chapters/02-Divide-and-Conquer.qmd:3189
2,Challenge Problems,python,ch02-b095-L3217,FAIL,FAIL,,,"Traceback (most recent call last):
  File ""/var/folders/yr/__8w8qmx287bjcrry9j4w1cc0000gn/T/book-example-qky946n4/example.py"", line 1, in <module>
    def find_median_sorted_arrays(arr1: List[int], arr2: List[int]) -> float:
                                        ^^^^
NameError: name 'List' is not defined. Did you mean: 'list'?",FAIL,none,chapters/02-Divide-and-Conquer.qmd:3217
2,Challenge Problems,python,ch02-b096-L3246,FAIL,FAIL,,,"Traceback (most recent call last):
  File ""/var/folders/yr/__8w8qmx287bjcrry9j4w1cc0000gn/T/book-example-3jg2wco8/example.py"", line 1, in <module>
    def get_skyline(buildings: List[List[int]]) -> List[List[int]]:
                               ^^^^
NameError: name 'List' is not defined. Did you mean: 'list'?",FAIL,none,chapters/02-Divide-and-Conquer.qmd:3246
3,The Binary Heap Structure,unlabeled,ch03-b001-L114,PSEUDOCODE,NOT TESTED,,,,MANUAL REVIEW,none,chapters/03-Data-Structures-for-Efficiency.qmd:114
3,Core Heap Operations,python,ch03-b002-L134,PASS,PASS,,,,SYNTAX/DEFINITION PASS,none,chapters/03-Data-Structures-for-Efficiency.qmd:134; definition-only block
3,The Magic of O(n) Heap Construction,unlabeled,ch03-b003-L262,PSEUDOCODE,NOT TESTED,,,,MANUAL REVIEW,none,chapters/03-Data-Structures-for-Efficiency.qmd:262
3,Advanced Heap Operations,python,ch03-b004-L273,FAIL,FAIL,,,"Traceback (most recent call last):
  File ""/var/folders/yr/__8w8qmx287bjcrry9j4w1cc0000gn/T/book-example-fi7ow4ze/example.py"", line 1, in <module>
    class IndexedMaxHeap(MaxHeap):
                         ^^^^^^^
NameError: name 'MaxHeap' is not defined",FAIL,none,chapters/03-Data-Structures-for-Efficiency.qmd:273
3,Application 1: K Largest Elements,python,ch03-b005-L343,PASS,PASS,,,,SYNTAX/DEFINITION PASS,none,chapters/03-Data-Structures-for-Efficiency.qmd:343; definition-only block
3,Application 2: Median Maintenance,python,ch03-b006-L389,PASS,PASS,,,,SYNTAX/DEFINITION PASS,none,chapters/03-Data-Structures-for-Efficiency.qmd:389; definition-only block
3,The Balance Problem,unlabeled,ch03-b007-L440,PSEUDOCODE,NOT TESTED,,,,MANUAL REVIEW,none,chapters/03-Data-Structures-for-Efficiency.qmd:440
3,The Balance Problem,unlabeled,ch03-b008-L459,PSEUDOCODE,NOT TESTED,,,,MANUAL REVIEW,none,chapters/03-Data-Structures-for-Efficiency.qmd:459
3,AVL Tree Implementation,python,ch03-b009-L480,PASS,PASS,,"/var/folders/yr/__8w8qmx287bjcrry9j4w1cc0000gn/T/book-example-xtxkpj0s/example.py:96: SyntaxWarning: invalid escape sequence '\ '
  / \              / \
/var/folders/yr/__8w8qmx287bjcrry9j4w1cc0000gn/T/book-example-xtxkpj0s/example.py:119: SyntaxWarning: invalid escape sequence '\ '
  / \                / \",,SYNTAX/DEFINITION PASS,none,chapters/03-Data-Structures-for-Efficiency.qmd:480; definition-only block
3,Red-Black Trees: A Different Balance,python,ch03-b010-L696,PASS,PASS,,,,SYNTAX/DEFINITION PASS,none,chapters/03-Data-Structures-for-Efficiency.qmd:696; definition-only block
3,The Dream of Constant Time,unlabeled,ch03-b011-L853,PSEUDOCODE,NOT TESTED,,,,MANUAL REVIEW,none,chapters/03-Data-Structures-for-Efficiency.qmd:853
3,Hash Function Design,python,ch03-b012-L865,PASS,PASS,,,,SYNTAX/DEFINITION PASS,none,chapters/03-Data-Structures-for-Efficiency.qmd:865; definition-only block
3,Strategy 2: Open Addressing,python,ch03-b013-L1015,PASS,PASS,,,,SYNTAX/DEFINITION PASS,none,chapters/03-Data-Structures-for-Efficiency.qmd:1015; definition-only block
3,Cuckoo Hashing - Worst-Case O(1) Lookup,python,ch03-b014-L1103,PASS,PASS,,,,SYNTAX/DEFINITION PASS,none,chapters/03-Data-Structures-for-Efficiency.qmd:1103; definition-only block
3,Consistent Hashing - Distributed Systems,python,ch03-b015-L1184,PASS,PASS,,,,SYNTAX/DEFINITION PASS,none,chapters/03-Data-Structures-for-Efficiency.qmd:1184; definition-only block
3,Method 1: Aggregate Analysis,python,ch03-b016-L1266,PASS,PASS,,,,SYNTAX/DEFINITION PASS,none,chapters/03-Data-Structures-for-Efficiency.qmd:1266; definition-only block
3,Method 2: Accounting Method,python,ch03-b017-L1310,PASS,PASS,,,,SYNTAX/DEFINITION PASS,none,chapters/03-Data-Structures-for-Efficiency.qmd:1310; definition-only block
3,Method 3: Potential Method,python,ch03-b018-L1330,PASS,PASS,,,,SYNTAX/DEFINITION PASS,none,chapters/03-Data-Structures-for-Efficiency.qmd:1330; definition-only block
3,Union-Find: Amortization in Action,python,ch03-b019-L1353,PASS,PASS,,,,SYNTAX/DEFINITION PASS,none,chapters/03-Data-Structures-for-Efficiency.qmd:1353; definition-only block
3,Fibonacci Heaps - Theoretical Optimality,python,ch03-b020-L1414,PASS,PASS,,,,SYNTAX/DEFINITION PASS,none,chapters/03-Data-Structures-for-Efficiency.qmd:1414; definition-only block
3,Skip Lists - Probabilistic Balance,python,ch03-b021-L1509,PASS,PASS,,,,SYNTAX/DEFINITION PASS,none,chapters/03-Data-Structures-for-Efficiency.qmd:1509; definition-only block
3,Bloom Filters - Space-Efficient Membership,python,ch03-b022-L1599,MANUAL REVIEW,COMPILE PASS,,,,NOT TESTED,none,chapters/03-Data-Structures-for-Efficiency.qmd:1599; non-baseline or system-capable import
3,Building a Production-Ready Library,python,ch03-b023-L1674,MANUAL REVIEW,COMPILE PASS,,,,NOT TESTED,none,chapters/03-Data-Structures-for-Efficiency.qmd:1674; non-baseline or system-capable import
3,Comprehensive Testing Suite,python,ch03-b024-L1689,MANUAL REVIEW,COMPILE PASS,,,,NOT TESTED,none,chapters/03-Data-Structures-for-Efficiency.qmd:1689; non-baseline or system-capable import
3,Performance Benchmarking Framework,python,ch03-b025-L1803,MANUAL REVIEW,COMPILE PASS,,,,NOT TESTED,none,chapters/03-Data-Structures-for-Efficiency.qmd:1803; non-baseline or system-capable import
3,Real-World Application: LRU Cache,python,ch03-b026-L1930,PASS,PASS,,,,SYNTAX/DEFINITION PASS,none,chapters/03-Data-Structures-for-Efficiency.qmd:1930; definition-only block
3,Implementation Problems,python,ch03-b027-L2068,PASS,PASS,,,,SYNTAX/DEFINITION PASS,none,chapters/03-Data-Structures-for-Efficiency.qmd:2068; definition-only block
3,Implementation Problems,python,ch03-b028-L2084,PASS,PASS,,,,SYNTAX/DEFINITION PASS,none,chapters/03-Data-Structures-for-Efficiency.qmd:2084; definition-only block
3,Implementation Problems,python,ch03-b029-L2100,PASS,PASS,,,,SYNTAX/DEFINITION PASS,none,chapters/03-Data-Structures-for-Efficiency.qmd:2100; definition-only block
4,Implementation and Proof,python,ch04-b001-L163,PASS,PASS,,,,SYNTAX/DEFINITION PASS,none,chapters/04-Greedy-Algorithms.qmd:163; definition-only block
4,Weighted Activity Selection,python,ch04-b002-L240,PASS,PASS,,,,SYNTAX/DEFINITION PASS,none,chapters/04-Greedy-Algorithms.qmd:240; definition-only block
4,Interval Partitioning,python,ch04-b003-L278,PASS,PASS,,,,SYNTAX/DEFINITION PASS,none,chapters/04-Greedy-Algorithms.qmd:278; definition-only block
4,Building the Huffman Tree,python,ch04-b004-L366,PASS,PASS,,,,SYNTAX/DEFINITION PASS,none,chapters/04-Greedy-Algorithms.qmd:366; definition-only block
4,Example: Compressing Text,python,ch04-b005-L561,PASS,PASS,,,,SYNTAX/DEFINITION PASS,none,chapters/04-Greedy-Algorithms.qmd:561; definition-only block
4,Kruskal's Algorithm - Edge-Centric Greedy,python,ch04-b006-L615,PASS,PASS,,,,SYNTAX/DEFINITION PASS,none,chapters/04-Greedy-Algorithms.qmd:615; definition-only block
4,Prim's Algorithm - Vertex-Centric Greedy,python,ch04-b007-L708,PASS,PASS,,,,SYNTAX/DEFINITION PASS,none,chapters/04-Greedy-Algorithms.qmd:708; definition-only block
4,MST Properties and Proofs,python,ch04-b008-L826,PASS,PASS,,,,SYNTAX/DEFINITION PASS,none,chapters/04-Greedy-Algorithms.qmd:826; definition-only block
4,Single-Source Shortest Paths,python,ch04-b009-L890,PASS,PASS,,,,SYNTAX/DEFINITION PASS,none,chapters/04-Greedy-Algorithms.qmd:890; definition-only block
4,Common Pitfalls,python,ch04-b010-L1097,PASS,PASS,,,,SYNTAX/DEFINITION PASS,none,chapters/04-Greedy-Algorithms.qmd:1097; definition-only block
4,Proving Greedy Correctness,python,ch04-b011-L1193,PASS,PASS,,,,SYNTAX/DEFINITION PASS,none,chapters/04-Greedy-Algorithms.qmd:1193; definition-only block
4,Comprehensive Implementation,python,ch04-b012-L1282,PASS,PASS,,,,SYNTAX/DEFINITION PASS,none,chapters/04-Greedy-Algorithms.qmd:1282; definition-only block
4,Testing and Benchmarking,python,ch04-b013-L1448,MANUAL REVIEW,COMPILE PASS,,,,NOT TESTED,none,chapters/04-Greedy-Algorithms.qmd:1448; non-baseline or system-capable import
4,Implementation Problems,python,ch04-b014-L1583,PASS,PASS,,,,SYNTAX/DEFINITION PASS,none,chapters/04-Greedy-Algorithms.qmd:1583; definition-only block
4,Implementation Problems,python,ch04-b015-L1601,PASS,PASS,,,,SYNTAX/DEFINITION PASS,none,chapters/04-Greedy-Algorithms.qmd:1601; definition-only block
4,Implementation Problems,python,ch04-b016-L1618,PASS,PASS,,,,SYNTAX/DEFINITION PASS,none,chapters/04-Greedy-Algorithms.qmd:1618; definition-only block
5,Fibonacci: A Cautionary Tale,unlabeled,ch05-b001-L78,PSEUDOCODE,NOT TESTED,,,,MANUAL REVIEW,none,chapters/05-Dynamic-Programming.qmd:78
5,Fibonacci: A Cautionary Tale,python,ch05-b002-L88,PASS,PASS,,,,SYNTAX/DEFINITION PASS,none,chapters/05-Dynamic-Programming.qmd:88; definition-only block
5,Fibonacci: A Cautionary Tale,python,ch05-b003-L116,MANUAL REVIEW,COMPILE PASS,,,,NOT TESTED,none,chapters/05-Dynamic-Programming.qmd:116; top-level Expr requires manual review
5,Fibonacci: A Cautionary Tale,unlabeled,ch05-b004-L128,PSEUDOCODE,NOT TESTED,,,,MANUAL REVIEW,none,chapters/05-Dynamic-Programming.qmd:128
5,Counting the Catastrophe,unlabeled,ch05-b005-L159,PSEUDOCODE,NOT TESTED,,,,MANUAL REVIEW,none,chapters/05-Dynamic-Programming.qmd:159
5,Enter Dynamic Programming: Memoization,python,ch05-b006-L188,PASS,PASS,,,,SYNTAX/DEFINITION PASS,none,chapters/05-Dynamic-Programming.qmd:188; definition-only block
5,Enter Dynamic Programming: Memoization,python,ch05-b007-L229,MANUAL REVIEW,COMPILE PASS,,,,NOT TESTED,none,chapters/05-Dynamic-Programming.qmd:229; top-level Expr requires manual review
5,Enter Dynamic Programming: Memoization,unlabeled,ch05-b008-L238,PSEUDOCODE,NOT TESTED,,,,MANUAL REVIEW,none,chapters/05-Dynamic-Programming.qmd:238
5,The Two Fundamental Properties,unlabeled,ch05-b009-L268,PSEUDOCODE,NOT TESTED,,,,MANUAL REVIEW,none,chapters/05-Dynamic-Programming.qmd:268
5,The Two Fundamental Properties,unlabeled,ch05-b010-L278,PSEUDOCODE,NOT TESTED,,,,MANUAL REVIEW,none,chapters/05-Dynamic-Programming.qmd:278
5,Tabulation: The Bottom-Up Alternative,python,ch05-b011-L293,PASS,PASS,,,,SYNTAX/DEFINITION PASS,none,chapters/05-Dynamic-Programming.qmd:293; definition-only block
5,Tabulation: The Bottom-Up Alternative,unlabeled,ch05-b012-L332,PSEUDOCODE,NOT TESTED,,,,MANUAL REVIEW,none,chapters/05-Dynamic-Programming.qmd:332
5,Space Optimization: Using Only What You Need,python,ch05-b013-L363,PASS,PASS,,,,SYNTAX/DEFINITION PASS,none,chapters/05-Dynamic-Programming.qmd:363; definition-only block
5,A Systematic Approach to DP Problems,unlabeled,ch05-b014-L455,PSEUDOCODE,NOT TESTED,,,,MANUAL REVIEW,none,chapters/05-Dynamic-Programming.qmd:455
5,A Systematic Approach to DP Problems,unlabeled,ch05-b015-L468,PSEUDOCODE,NOT TESTED,,,,MANUAL REVIEW,none,chapters/05-Dynamic-Programming.qmd:468
5,Step 1: Characterize the Structure of Optimal Solutions,unlabeled,ch05-b016-L495,PSEUDOCODE,NOT TESTED,,,,MANUAL REVIEW,none,chapters/05-Dynamic-Programming.qmd:495
5,Step 2: Define the Recurrence Relation Precisely,unlabeled,ch05-b017-L517,PSEUDOCODE,NOT TESTED,,,,MANUAL REVIEW,none,chapters/05-Dynamic-Programming.qmd:517
5,Step 3: Identify Overlapping Subproblems,unlabeled,ch05-b018-L538,PSEUDOCODE,NOT TESTED,,,,MANUAL REVIEW,none,chapters/05-Dynamic-Programming.qmd:538
5,Step 4: Implement Bottom-Up (Tabulation),python,ch05-b019-L562,PASS,PASS,,,,SYNTAX/DEFINITION PASS,none,chapters/05-Dynamic-Programming.qmd:562; definition-only block
5,Step 4: Implement Bottom-Up (Tabulation),unlabeled,ch05-b020-L611,PSEUDOCODE,NOT TESTED,,,,MANUAL REVIEW,none,chapters/05-Dynamic-Programming.qmd:611
5,Step 5: Extract the Solution (Which Items to Take),python,ch05-b021-L638,PASS,PASS,,,,SYNTAX/DEFINITION PASS,none,chapters/05-Dynamic-Programming.qmd:638; definition-only block
5,Step 5: Extract the Solution (Which Items to Take),unlabeled,ch05-b022-L680,PSEUDOCODE,NOT TESTED,,,,MANUAL REVIEW,none,chapters/05-Dynamic-Programming.qmd:680
5,Step 6: Optimize Space (When Possible),python,ch05-b023-L705,PASS,PASS,,,,SYNTAX/DEFINITION PASS,none,chapters/05-Dynamic-Programming.qmd:705; definition-only block
5,Step 6: Optimize Space (When Possible),python,ch05-b024-L741,PASS,PASS,,,,SYNTAX/DEFINITION PASS,none,chapters/05-Dynamic-Programming.qmd:741; definition-only block
5,The Longest Common Subsequence (LCS) Problem,unlabeled,ch05-b025-L807,PSEUDOCODE,NOT TESTED,,,,MANUAL REVIEW,none,chapters/05-Dynamic-Programming.qmd:807
5,Developing the Solution,unlabeled,ch05-b026-L863,PSEUDOCODE,NOT TESTED,,,,MANUAL REVIEW,none,chapters/05-Dynamic-Programming.qmd:863
5,Developing the Solution,unlabeled,ch05-b027-L873,PSEUDOCODE,NOT TESTED,,,,MANUAL REVIEW,none,chapters/05-Dynamic-Programming.qmd:873
5,Matrix Chain Implementation,python,ch05-b028-L888,PASS,PASS,,,,SYNTAX/DEFINITION PASS,none,chapters/05-Dynamic-Programming.qmd:888; definition-only block
5,Tracing Through an Example,python,ch05-b029-L955,MANUAL REVIEW,COMPILE PASS,,,,NOT TESTED,none,chapters/05-Dynamic-Programming.qmd:955; top-level Assign requires manual review
5,1. **Interval DP**,python,ch05-b030-L1003,PASS,PASS,,,,SYNTAX/DEFINITION PASS,none,chapters/05-Dynamic-Programming.qmd:1003; definition-only block
5,2. **Tree DP**,python,ch05-b031-L1044,PASS,PASS,,,,SYNTAX/DEFINITION PASS,none,chapters/05-Dynamic-Programming.qmd:1044; definition-only block
5,3. **Digit DP**,python,ch05-b032-L1073,PASS,PASS,,,,SYNTAX/DEFINITION PASS,none,chapters/05-Dynamic-Programming.qmd:1073; definition-only block
5,1. **Rolling Array**,python,ch05-b033-L1114,PASS,PASS,,,,SYNTAX/DEFINITION PASS,none,chapters/05-Dynamic-Programming.qmd:1114; definition-only block
5,2. **State Compression**,python,ch05-b034-L1132,PASS,PASS,,,,SYNTAX/DEFINITION PASS,none,chapters/05-Dynamic-Programming.qmd:1132; definition-only block
5,3. **Divide and Conquer Optimization**,python,ch05-b035-L1177,PASS,PASS,,,,SYNTAX/DEFINITION PASS,none,chapters/05-Dynamic-Programming.qmd:1177; definition-only block
5,Project Structure,unlabeled,ch05-b036-L1216,PSEUDOCODE,NOT TESTED,,,,MANUAL REVIEW,none,chapters/05-Dynamic-Programming.qmd:1216
5,Core Implementation: DP Base Class,python,ch05-b037-L1250,MANUAL REVIEW,COMPILE PASS,,,,NOT TESTED,none,chapters/05-Dynamic-Programming.qmd:1250; non-baseline or system-capable import
5,Example: Knapsack Implementation,python,ch05-b038-L1409,MANUAL REVIEW,COMPILE PASS,,,,NOT TESTED,none,chapters/05-Dynamic-Programming.qmd:1409; non-baseline or system-capable import
5,Visualization Component,python,ch05-b039-L1500,MANUAL REVIEW,COMPILE PASS,,,,NOT TESTED,none,chapters/05-Dynamic-Programming.qmd:1500; non-baseline or system-capable import
5,Real-World Example: DNA Alignment Tool,python,ch05-b040-L1597,MANUAL REVIEW,COMPILE PASS,,,,NOT TESTED,none,chapters/05-Dynamic-Programming.qmd:1597; non-baseline or system-capable import
5,Testing Suite,python,ch05-b041-L1700,MANUAL REVIEW,COMPILE PASS,,,,NOT TESTED,none,chapters/05-Dynamic-Programming.qmd:1700; non-baseline or system-capable import
5,Programming Problems,python,ch05-b042-L1825,PASS,PASS,,,,SYNTAX/DEFINITION PASS,none,chapters/05-Dynamic-Programming.qmd:1825; definition-only block
5,Programming Problems,python,ch05-b043-L1841,PASS,PASS,,,,SYNTAX/DEFINITION PASS,none,chapters/05-Dynamic-Programming.qmd:1841; definition-only block
5,Programming Problems,python,ch05-b044-L1857,PASS,PASS,,,,SYNTAX/DEFINITION PASS,none,chapters/05-Dynamic-Programming.qmd:1857; definition-only block
5,Implementation Challenges,python,ch05-b045-L1875,PASS,PASS,,,,SYNTAX/DEFINITION PASS,none,chapters/05-Dynamic-Programming.qmd:1875; definition-only block
5,Implementation Challenges,python,ch05-b046-L1891,PASS,PASS,,,,SYNTAX/DEFINITION PASS,none,chapters/05-Dynamic-Programming.qmd:1891; definition-only block
5,Implementation Challenges,python,ch05-b047-L1903,PASS,PASS,,,,SYNTAX/DEFINITION PASS,none,chapters/05-Dynamic-Programming.qmd:1903; definition-only block
6,The Implementation,python,ch06-b001-L232,PASS,PASS,,,,SYNTAX/DEFINITION PASS,none,chapters/06-Randomized-Algorithms.qmd:232; definition-only block
6,How Miller-Rabin Works (Intuitive Explanation),python,ch06-b002-L312,PASS,PASS,,,,SYNTAX/DEFINITION PASS,none,chapters/06-Randomized-Algorithms.qmd:312; definition-only block
6,The Birthday Paradox: When Intuition Fails,python,ch06-b003-L417,PASS,PASS,,,,SYNTAX/DEFINITION PASS,none,chapters/06-Randomized-Algorithms.qmd:417; definition-only block
6,Amplification: Making Algorithms More Reliable,python,ch06-b004-L470,PASS,PASS,,,,SYNTAX/DEFINITION PASS,none,chapters/06-Randomized-Algorithms.qmd:470; definition-only block
6,The Implementation,python,ch06-b005-L560,PASS,PASS,,,,SYNTAX/DEFINITION PASS,none,chapters/06-Randomized-Algorithms.qmd:560; definition-only block
6,The Carter-Wegman Construction,unlabeled,ch06-b006-L664,PSEUDOCODE,NOT TESTED,,,,MANUAL REVIEW,none,chapters/06-Randomized-Algorithms.qmd:664
6,The Carter-Wegman Construction,python,ch06-b007-L676,PASS,PASS,,,,SYNTAX/DEFINITION PASS,none,chapters/06-Randomized-Algorithms.qmd:676; definition-only block
6,Understanding Bloom Filter Parameters,python,ch06-b008-L824,PASS,PASS,,,,SYNTAX/DEFINITION PASS,none,chapters/06-Randomized-Algorithms.qmd:824; definition-only block
6,Why It Works (Intuitive Explanation),python,ch06-b009-L1009,PASS,PASS,,,,SYNTAX/DEFINITION PASS,none,chapters/06-Randomized-Algorithms.qmd:1009; definition-only block
6,The Solution: Count-Min Sketch,python,ch06-b010-L1119,PASS,PASS,,,,SYNTAX/DEFINITION PASS,none,chapters/06-Randomized-Algorithms.qmd:1119; definition-only block
6,Expected Value: The Average Case,unlabeled,ch06-b011-L1258,PSEUDOCODE,NOT TESTED,,,,MANUAL REVIEW,none,chapters/06-Randomized-Algorithms.qmd:1258
6,Chernoff Bounds: Much Stronger Guarantees,python,ch06-b012-L1307,MANUAL REVIEW,COMPILE PASS,,,,NOT TESTED,none,chapters/06-Randomized-Algorithms.qmd:1307; non-baseline or system-capable import
6,The Elegant Randomized Solution,python,ch06-b013-L1452,MANUAL REVIEW,COMPILE PASS,,,,NOT TESTED,none,chapters/06-Randomized-Algorithms.qmd:1452; non-baseline or system-capable import
6,Estimating π with Random Points,python,ch06-b014-L1608,PASS,PASS,,,,SYNTAX/DEFINITION PASS,none,chapters/06-Randomized-Algorithms.qmd:1608; definition-only block
6,The Problem,python,ch06-b015-L1689,MANUAL REVIEW,COMPILE PASS,,,,NOT TESTED,none,chapters/06-Randomized-Algorithms.qmd:1689; top-level Assign requires manual review
6,A/B Testing with Statistical Significance,python,ch06-b016-L1748,PASS,PASS,,,,SYNTAX/DEFINITION PASS,none,chapters/06-Randomized-Algorithms.qmd:1748; definition-only block
7,"Visualizing P, NP, and Beyond",unlabeled,ch07-b001-L208,PSEUDOCODE,NOT TESTED,,,,MANUAL REVIEW,none,chapters/07-Computational-Complexity.qmd:208
7,Boolean Satisfiability (SAT),unlabeled,ch07-b002-L302,PSEUDOCODE,NOT TESTED,,,,MANUAL REVIEW,none,chapters/07-Computational-Complexity.qmd:302
7,The Knapsack Problem (Decision Version),unlabeled,ch07-b003-L354,PSEUDOCODE,NOT TESTED,,,,MANUAL REVIEW,none,chapters/07-Computational-Complexity.qmd:354
7,3-SAT: The Special Case,unlabeled,ch07-b004-L393,PSEUDOCODE,NOT TESTED,,,,MANUAL REVIEW,none,chapters/07-Computational-Complexity.qmd:393
7,The Clique Problem,unlabeled,ch07-b005-L411,PSEUDOCODE,NOT TESTED,,,,MANUAL REVIEW,none,chapters/07-Computational-Complexity.qmd:411
7,Step 1: Show Vertex Cover is in NP,python,ch07-b006-L441,PASS,PASS,,,,SYNTAX/DEFINITION PASS,none,chapters/07-Computational-Complexity.qmd:441; definition-only block
7,Step 3: Construct the Reduction,unlabeled,ch07-b007-L466,PSEUDOCODE,NOT TESTED,,,,MANUAL REVIEW,none,chapters/07-Computational-Complexity.qmd:466
7,Step 3: Construct the Reduction,unlabeled,ch07-b008-L477,PSEUDOCODE,NOT TESTED,,,,MANUAL REVIEW,none,chapters/07-Computational-Complexity.qmd:477
7,Example: 2-Approximation for Vertex Cover,python,ch07-b009-L514,PASS,PASS,,,,SYNTAX/DEFINITION PASS,none,chapters/07-Computational-Complexity.qmd:514; definition-only block
7,Example: SAT Solvers,python,ch07-b010-L571,PASS,PASS,,,,SYNTAX/DEFINITION PASS,none,chapters/07-Computational-Complexity.qmd:571; definition-only block
7,Strategy 5: Randomization,python,ch07-b011-L616,PASS,PASS,,,,SYNTAX/DEFINITION PASS,none,chapters/07-Computational-Complexity.qmd:616; definition-only block
7,The Complexity Hierarchy,unlabeled,ch07-b012-L744,PSEUDOCODE,NOT TESTED,,,,MANUAL REVIEW,none,chapters/07-Computational-Complexity.qmd:744
7,Implementation Exercises,python,ch07-b013-L863,PASS,PASS,,,,SYNTAX/DEFINITION PASS,none,chapters/07-Computational-Complexity.qmd:863; definition-only block
7,Implementation Exercises,python,ch07-b014-L889,PASS,PASS,,,,SYNTAX/DEFINITION PASS,none,chapters/07-Computational-Complexity.qmd:889; definition-only block
7,Implementation Exercises,python,ch07-b015-L912,PASS,PASS,,,,SYNTAX/DEFINITION PASS,none,chapters/07-Computational-Complexity.qmd:912; definition-only block
8,The Lemonade Stand Location Problem,python,ch08-b001-L80,MANUAL REVIEW,COMPILE PASS,,,,NOT TESTED,none,chapters/08-Approximation-Algorithms.qmd:80; top-level Assign requires manual review
8,The Naive Approach,python,ch08-b002-L202,PASS,PASS,,,,SYNTAX/DEFINITION PASS,none,chapters/08-Approximation-Algorithms.qmd:202; definition-only block
8,The Greedy 2-Approximation,python,ch08-b003-L229,MANUAL REVIEW,COMPILE PASS,,,,NOT TESTED,none,chapters/08-Approximation-Algorithms.qmd:229; top-level Assign requires manual review
8,Why This is a 2-Approximation,unlabeled,ch08-b004-L289,PSEUDOCODE,NOT TESTED,,,,MANUAL REVIEW,none,chapters/08-Approximation-Algorithms.qmd:289
8,An Improved Algorithm: Maximum Matching,python,ch08-b005-L298,PASS,PASS,,,,SYNTAX/DEFINITION PASS,none,chapters/08-Approximation-Algorithms.qmd:298; definition-only block
8,Can We Do Better Than 2?,python,ch08-b006-L325,PASS,PASS,,,,SYNTAX/DEFINITION PASS,none,chapters/08-Approximation-Algorithms.qmd:325; definition-only block
8,The 2-Approximation Algorithm,python,ch08-b007-L378,MANUAL REVIEW,COMPILE PASS,,,,NOT TESTED,none,chapters/08-Approximation-Algorithms.qmd:378; top-level Assign requires manual review
8,Christofides Algorithm: 1.5-Approximation,python,ch08-b008-L487,PASS,PASS,,,,SYNTAX/DEFINITION PASS,none,chapters/08-Approximation-Algorithms.qmd:487; definition-only block
8,The Greedy Algorithm,python,ch08-b009-L616,MANUAL REVIEW,COMPILE PASS,,,,NOT TESTED,none,chapters/08-Approximation-Algorithms.qmd:616; top-level Assign requires manual review
8,The Weighted Version,python,ch08-b010-L685,MANUAL REVIEW,COMPILE PASS,,,,NOT TESTED,none,chapters/08-Approximation-Algorithms.qmd:685; top-level Assign requires manual review
8,MAX-CUT: A Simple Randomized Algorithm,python,ch08-b011-L751,PASS,PASS,,,,SYNTAX/DEFINITION PASS,none,chapters/08-Approximation-Algorithms.qmd:751; definition-only block
8,MAX-SAT: Randomized Rounding,python,ch08-b012-L833,PASS,PASS,,,,SYNTAX/DEFINITION PASS,none,chapters/08-Approximation-Algorithms.qmd:833; definition-only block
8,The Method of Conditional Expectations,python,ch08-b013-L900,PASS,PASS,,,,SYNTAX/DEFINITION PASS,none,chapters/08-Approximation-Algorithms.qmd:900; definition-only block
8,Vertex Cover via LP Relaxation,python,ch08-b014-L950,PASS,PASS,,,,SYNTAX/DEFINITION PASS,none,chapters/08-Approximation-Algorithms.qmd:950; definition-only block
8,Set Cover via LP Relaxation,python,ch08-b015-L1014,MANUAL REVIEW,COMPILE PASS,,,,NOT TESTED,none,chapters/08-Approximation-Algorithms.qmd:1014; non-baseline or system-capable import
8,The Integrality Gap,unlabeled,ch08-b016-L1065,PSEUDOCODE,NOT TESTED,,,,MANUAL REVIEW,none,chapters/08-Approximation-Algorithms.qmd:1065
8,Knapsack: A Classic FPTAS,python,ch08-b017-L1086,MANUAL REVIEW,COMPILE PASS,,,,NOT TESTED,none,chapters/08-Approximation-Algorithms.qmd:1086; top-level For requires manual review
8,Euclidean TSP: A PTAS,python,ch08-b018-L1163,PASS,PASS,,,,SYNTAX/DEFINITION PASS,none,chapters/08-Approximation-Algorithms.qmd:1163; definition-only block
8,Inapproximability Results,python,ch08-b019-L1232,PASS,PASS,,,,SYNTAX/DEFINITION PASS,none,chapters/08-Approximation-Algorithms.qmd:1232; definition-only block
8,The PCP Theorem,python,ch08-b020-L1287,PASS,PASS,,,,SYNTAX/DEFINITION PASS,none,chapters/08-Approximation-Algorithms.qmd:1287; definition-only block
8,APX-Completeness,python,ch08-b021-L1316,PASS,PASS,,,,SYNTAX/DEFINITION PASS,none,chapters/08-Approximation-Algorithms.qmd:1316; definition-only block
8,A Complete Approximation Algorithm Toolkit,python,ch08-b022-L1355,PASS,PASS,,,,SYNTAX/DEFINITION PASS,none,chapters/08-Approximation-Algorithms.qmd:1355; definition-only block
8,Implementation Problems,python,ch08-b023-L1482,PASS,PASS,,,,SYNTAX/DEFINITION PASS,none,chapters/08-Approximation-Algorithms.qmd:1482; definition-only block
8,Implementation Problems,python,ch08-b024-L1504,PASS,PASS,,,,SYNTAX/DEFINITION PASS,none,chapters/08-Approximation-Algorithms.qmd:1504; definition-only block
9,A Simple Example,unlabeled,ch09-b001-L71,PSEUDOCODE,NOT TESTED,,,,MANUAL REVIEW,none,chapters/09-Advanced-Graph-Algorithms.qmd:71
9,The Genius Idea: The Residual Network,unlabeled,ch09-b002-L117,PSEUDOCODE,NOT TESTED,,,,MANUAL REVIEW,none,chapters/09-Advanced-Graph-Algorithms.qmd:117
9,What's a Cut?,unlabeled,ch09-b003-L135,PSEUDOCODE,NOT TESTED,,,,MANUAL REVIEW,none,chapters/09-Advanced-Graph-Algorithms.qmd:135
9,The Basic Idea,unlabeled,ch09-b004-L189,PSEUDOCODE,NOT TESTED,,,,MANUAL REVIEW,none,chapters/09-Advanced-Graph-Algorithms.qmd:189
9,Let's Trace Through an Example Step by Step,unlabeled,ch09-b005-L206,PSEUDOCODE,NOT TESTED,,,,MANUAL REVIEW,none,chapters/09-Advanced-Graph-Algorithms.qmd:206
9,Edmonds-Karp: Making It Actually Fast,python,ch09-b006-L275,MANUAL REVIEW,COMPILE PASS,,,,NOT TESTED,none,chapters/09-Advanced-Graph-Algorithms.qmd:275; top-level If requires manual review
9,The Algorithm,unlabeled,ch09-b007-L504,PARTIAL / SNIPPET,NOT TESTED,,,,MANUAL REVIEW,none,chapters/09-Advanced-Graph-Algorithms.qmd:504
9,The Algorithm,unlabeled,ch09-b008-L526,PSEUDOCODE,NOT TESTED,,,,MANUAL REVIEW,none,chapters/09-Advanced-Graph-Algorithms.qmd:526
9,The Algorithm,unlabeled,ch09-b009-L534,PSEUDOCODE,NOT TESTED,,,,MANUAL REVIEW,none,chapters/09-Advanced-Graph-Algorithms.qmd:534
9,Why Does This Work?,python,ch09-b010-L553,MANUAL REVIEW,COMPILE PASS,,,,NOT TESTED,none,chapters/09-Advanced-Graph-Algorithms.qmd:553; top-level If requires manual review
9,The Flow Network Trick,unlabeled,ch09-b011-L736,PSEUDOCODE,NOT TESTED,,,,MANUAL REVIEW,none,chapters/09-Advanced-Graph-Algorithms.qmd:736
9,Implementation,python,ch09-b012-L758,MANUAL REVIEW,COMPILE PASS,,,,NOT TESTED,none,chapters/09-Advanced-Graph-Algorithms.qmd:758; top-level If requires manual review
9,Hall's Marriage Theorem,unlabeled,ch09-b013-L878,PSEUDOCODE,NOT TESTED,,,,MANUAL REVIEW,none,chapters/09-Advanced-Graph-Algorithms.qmd:878
9,The Setup,unlabeled,ch09-b014-L911,PSEUDOCODE,NOT TESTED,,,,MANUAL REVIEW,none,chapters/09-Advanced-Graph-Algorithms.qmd:911
9,Successive Shortest Paths Algorithm,unlabeled,ch09-b015-L919,PSEUDOCODE,NOT TESTED,,,,MANUAL REVIEW,none,chapters/09-Advanced-Graph-Algorithms.qmd:919
9,Implementation,python,ch09-b016-L939,MANUAL REVIEW,COMPILE PASS,,,,NOT TESTED,none,chapters/09-Advanced-Graph-Algorithms.qmd:939; top-level If requires manual review
9,Cycle-Canceling Algorithm,unlabeled,ch09-b017-L1095,PSEUDOCODE,NOT TESTED,,,,MANUAL REVIEW,none,chapters/09-Advanced-Graph-Algorithms.qmd:1095
9,Architecture,unlabeled,ch09-b018-L1188,PSEUDOCODE,NOT TESTED,,,,MANUAL REVIEW,none,chapters/09-Advanced-Graph-Algorithms.qmd:1188
9,Core Network Class,python,ch09-b019-L1210,MANUAL REVIEW,COMPILE PASS,,,,NOT TESTED,none,chapters/09-Advanced-Graph-Algorithms.qmd:1210; non-baseline or system-capable import
9,Algorithm Interface,python,ch09-b020-L1348,MANUAL REVIEW,COMPILE PASS,,,,NOT TESTED,none,chapters/09-Advanced-Graph-Algorithms.qmd:1348; non-baseline or system-capable import
9,Application: Matching Solver,python,ch09-b021-L1380,MANUAL REVIEW,COMPILE PASS,,,,NOT TESTED,none,chapters/09-Advanced-Graph-Algorithms.qmd:1380; non-baseline or system-capable import
9,Visualization Module,python,ch09-b022-L1501,MANUAL REVIEW,COMPILE PASS,,,,NOT TESTED,none,chapters/09-Advanced-Graph-Algorithms.qmd:1501; non-baseline or system-capable import
9,Command-Line Interface,python,ch09-b023-L1617,MANUAL REVIEW,COMPILE PASS,,,,NOT TESTED,none,chapters/09-Advanced-Graph-Algorithms.qmd:1617; non-baseline or system-capable import
9,Testing Suite,python,ch09-b024-L1706,MANUAL REVIEW,COMPILE PASS,,,,NOT TESTED,none,chapters/09-Advanced-Graph-Algorithms.qmd:1706; non-baseline or system-capable import
10,The Setup,unlabeled,ch10-b001-L42,PSEUDOCODE,NOT TESTED,,,,MANUAL REVIEW,none,chapters/10-String-Processing-Algorithms.qmd:42
10,The Naive Approach,python,ch10-b002-L56,PASS,PASS,,,,SYNTAX/DEFINITION PASS,aligned empty-pattern semantics with KMP,chapters/10-String-Processing-Algorithms.qmd:56; definition-only block
10,The Naive Approach,python,ch10-b003-L88,PASS,PASS,,,,SYNTAX/DEFINITION PASS,aligned empty-pattern semantics with KMP,chapters/10-String-Processing-Algorithms.qmd:88; definition-only block
10,The Big Idea,unlabeled,ch10-b004-L115,PSEUDOCODE,NOT TESTED,,,,MANUAL REVIEW,none,chapters/10-String-Processing-Algorithms.qmd:115
10,The Failure Function (Longest Proper Prefix-Suffix),unlabeled,ch10-b005-L146,PSEUDOCODE,NOT TESTED,,,,MANUAL REVIEW,none,chapters/10-String-Processing-Algorithms.qmd:146
10,The Failure Function (Longest Proper Prefix-Suffix),unlabeled,ch10-b006-L160,PSEUDOCODE,NOT TESTED,,,,MANUAL REVIEW,none,chapters/10-String-Processing-Algorithms.qmd:160
10,Computing the Failure Function,python,ch10-b007-L177,PASS,PASS,,,,SYNTAX/DEFINITION PASS,none,chapters/10-String-Processing-Algorithms.qmd:177; definition-only block
10,Computing the Failure Function,unlabeled,ch10-b008-L214,PSEUDOCODE,NOT TESTED,,,,MANUAL REVIEW,none,chapters/10-String-Processing-Algorithms.qmd:214
10,The KMP Search Algorithm,python,ch10-b009-L245,PASS,PASS,,,,SYNTAX/DEFINITION PASS,none,chapters/10-String-Processing-Algorithms.qmd:245; definition-only block
10,Complete KMP Example Trace,unlabeled,ch10-b010-L293,PSEUDOCODE,NOT TESTED,,,,MANUAL REVIEW,none,chapters/10-String-Processing-Algorithms.qmd:293
10,Full Implementation with Examples,python,ch10-b011-L345,MANUAL REVIEW,COMPILE PASS,,,,NOT TESTED,none,chapters/10-String-Processing-Algorithms.qmd:345; top-level If requires manual review
10,Rolling Hash Function,unlabeled,ch10-b012-L549,PSEUDOCODE,NOT TESTED,,,,MANUAL REVIEW,none,chapters/10-String-Processing-Algorithms.qmd:549
10,Rolling Hash Function,unlabeled,ch10-b013-L558,PSEUDOCODE,NOT TESTED,,,,MANUAL REVIEW,none,chapters/10-String-Processing-Algorithms.qmd:558
10,Rolling Hash Function,unlabeled,ch10-b014-L567,PSEUDOCODE,NOT TESTED,,,,MANUAL REVIEW,none,chapters/10-String-Processing-Algorithms.qmd:567
10,Dealing with Large Numbers,unlabeled,ch10-b015-L575,PSEUDOCODE,NOT TESTED,,,,MANUAL REVIEW,none,chapters/10-String-Processing-Algorithms.qmd:575
10,Implementation,python,ch10-b016-L585,MANUAL REVIEW,COMPILE PASS,,,,NOT TESTED,none,chapters/10-String-Processing-Algorithms.qmd:585; top-level If requires manual review
10,What's a Suffix?,unlabeled,ch10-b017-L845,PSEUDOCODE,NOT TESTED,,,,MANUAL REVIEW,none,chapters/10-String-Processing-Algorithms.qmd:845
10,The Suffix Array,unlabeled,ch10-b018-L861,PSEUDOCODE,NOT TESTED,,,,MANUAL REVIEW,none,chapters/10-String-Processing-Algorithms.qmd:861
10,Building a Suffix Array (Naive),python,ch10-b019-L888,PASS,PASS,,,,SYNTAX/DEFINITION PASS,none,chapters/10-String-Processing-Algorithms.qmd:888; definition-only block
10,Building a Suffix Array Efficiently,python,ch10-b020-L916,MANUAL REVIEW,COMPILE PASS,,,,NOT TESTED,none,chapters/10-String-Processing-Algorithms.qmd:916; top-level If requires manual review
10,Applications of Suffix Arrays,python,ch10-b021-L1164,PASS,PASS,,,,SYNTAX/DEFINITION PASS,none,chapters/10-String-Processing-Algorithms.qmd:1164; definition-only block
10,Applications of Suffix Arrays,python,ch10-b022-L1173,PASS,PASS,,,,SYNTAX/DEFINITION PASS,none,chapters/10-String-Processing-Algorithms.qmd:1173; definition-only block
10,What's a Suffix Tree?,unlabeled,ch10-b023-L1209,PSEUDOCODE,NOT TESTED,,,,MANUAL REVIEW,none,chapters/10-String-Processing-Algorithms.qmd:1209
10,DNA Sequence Matching,python,ch10-b024-L1246,PASS,PASS,,,,SYNTAX/DEFINITION PASS,none,chapters/10-String-Processing-Algorithms.qmd:1246; definition-only block
10,DNA Sequence Matching,python,ch10-b025-L1271,PASS,PASS,,,,SYNTAX/DEFINITION PASS,none,chapters/10-String-Processing-Algorithms.qmd:1271; definition-only block
10,Read Alignment,python,ch10-b026-L1286,PASS,PASS,,,,SYNTAX/DEFINITION PASS,none,chapters/10-String-Processing-Algorithms.qmd:1286; definition-only block
10,Detecting Tandem Repeats,python,ch10-b027-L1323,PASS,PASS,,,,SYNTAX/DEFINITION PASS,none,chapters/10-String-Processing-Algorithms.qmd:1323; definition-only block
10,Project Structure,unlabeled,ch10-b028-L1361,PSEUDOCODE,NOT TESTED,,,,MANUAL REVIEW,none,chapters/10-String-Processing-Algorithms.qmd:1361
10,Core Library Implementation,python,ch10-b029-L1403,MANUAL REVIEW,COMPILE PASS,,,,NOT TESTED,none,chapters/10-String-Processing-Algorithms.qmd:1403; non-baseline or system-capable import
10,Core Library Implementation,python,ch10-b030-L1430,MANUAL REVIEW,COMPILE PASS,,,,NOT TESTED,none,chapters/10-String-Processing-Algorithms.qmd:1430; non-baseline or system-capable import
10,Text Compression Application,python,ch10-b031-L1698,MANUAL REVIEW,COMPILE PASS,,,,NOT TESTED,none,chapters/10-String-Processing-Algorithms.qmd:1698; non-baseline or system-capable import
10,Command-Line Tool,python,ch10-b032-L1866,MANUAL REVIEW,COMPILE PASS,,,,NOT TESTED,none,chapters/10-String-Processing-Algorithms.qmd:1866; non-baseline or system-capable import
11,The Big Idea,unlabeled,ch11-b001-L46,PSEUDOCODE,NOT TESTED,,,,MANUAL REVIEW,none,chapters/11-Numerical-Algorithms.qmd:46
11,The Mathematical Foundation,unlabeled,ch11-b002-L64,PSEUDOCODE,NOT TESTED,,,,MANUAL REVIEW,none,chapters/11-Numerical-Algorithms.qmd:64
11,The Naive DFT: O(N²),python,ch11-b003-L82,PASS,PASS,,,,SYNTAX/DEFINITION PASS,none,chapters/11-Numerical-Algorithms.qmd:82; definition-only block
11,The Key Insight,unlabeled,ch11-b004-L113,PSEUDOCODE,NOT TESTED,,,,MANUAL REVIEW,none,chapters/11-Numerical-Algorithms.qmd:113
11,The Recursive Algorithm,unlabeled,ch11-b005-L138,PSEUDOCODE,NOT TESTED,,,,MANUAL REVIEW,none,chapters/11-Numerical-Algorithms.qmd:138
11,Implementation: Recursive FFT,python,ch11-b006-L152,MANUAL REVIEW,COMPILE PASS,,,,NOT TESTED,none,chapters/11-Numerical-Algorithms.qmd:152; non-baseline or system-capable import
11,Implementation: Recursive FFT,python,ch11-b007-L200,PASS,PASS,,,,SYNTAX/DEFINITION PASS,none,chapters/11-Numerical-Algorithms.qmd:200; definition-only block
11,Iterative FFT (Cooley-Tukey),python,ch11-b008-L234,PASS,PASS,,,,SYNTAX/DEFINITION PASS,none,chapters/11-Numerical-Algorithms.qmd:234; definition-only block
11,Iterative FFT (Cooley-Tukey),unlabeled,ch11-b009-L291,PSEUDOCODE,NOT TESTED,,,,MANUAL REVIEW,none,chapters/11-Numerical-Algorithms.qmd:291
11,Complete FFT Implementation,python,ch11-b010-L302,MANUAL REVIEW,COMPILE PASS,,,,NOT TESTED,none,chapters/11-Numerical-Algorithms.qmd:302; top-level If requires manual review
11,The Problem,unlabeled,ch11-b011-L550,PSEUDOCODE,NOT TESTED,,,,MANUAL REVIEW,none,chapters/11-Numerical-Algorithms.qmd:550
11,The Problem,python,ch11-b012-L559,PASS,PASS,,,,SYNTAX/DEFINITION PASS,none,chapters/11-Numerical-Algorithms.qmd:559; definition-only block
11,The Problem,unlabeled,ch11-b013-L577,PSEUDOCODE,NOT TESTED,,,,MANUAL REVIEW,none,chapters/11-Numerical-Algorithms.qmd:577
11,The FFT Trick,unlabeled,ch11-b014-L590,PSEUDOCODE,NOT TESTED,,,,MANUAL REVIEW,none,chapters/11-Numerical-Algorithms.qmd:590
11,The FFT Trick,unlabeled,ch11-b015-L602,PSEUDOCODE,NOT TESTED,,,,MANUAL REVIEW,none,chapters/11-Numerical-Algorithms.qmd:602
11,Implementation,python,ch11-b016-L614,MANUAL REVIEW,COMPILE PASS,,,,NOT TESTED,none,chapters/11-Numerical-Algorithms.qmd:614; top-level If requires manual review
11,Application: Big Integer Multiplication,python,ch11-b017-L715,MANUAL REVIEW,COMPILE PASS,,,,NOT TESTED,none,chapters/11-Numerical-Algorithms.qmd:715; top-level If requires manual review
11,Matrix Multiplication: The Naive Way,python,ch11-b018-L793,PASS,PASS,,,,SYNTAX/DEFINITION PASS,none,chapters/11-Numerical-Algorithms.qmd:793; definition-only block
11,Strassen's Algorithm: O(n^2.807),unlabeled,ch11-b019-L824,PSEUDOCODE,NOT TESTED,,,,MANUAL REVIEW,preserved original dimensions when padding odd matrices,chapters/11-Numerical-Algorithms.qmd:824
11,Strassen's Algorithm: O(n^2.807),unlabeled,ch11-b020-L830,PSEUDOCODE,NOT TESTED,,,,MANUAL REVIEW,preserved original dimensions when padding odd matrices,chapters/11-Numerical-Algorithms.qmd:830
11,Strassen's Algorithm: O(n^2.807),python,ch11-b021-L848,PASS,PASS,,,,SYNTAX/DEFINITION PASS,preserved original dimensions when padding odd matrices,chapters/11-Numerical-Algorithms.qmd:848; definition-only block
11,Cache-Efficient Matrix Multiplication,python,ch11-b022-L918,PASS,PASS,,,,SYNTAX/DEFINITION PASS,none,chapters/11-Numerical-Algorithms.qmd:918; definition-only block
11,Matrix Operations Library,python,ch11-b023-L959,MANUAL REVIEW,COMPILE PASS,,,,NOT TESTED,none,chapters/11-Numerical-Algorithms.qmd:959; top-level If requires manual review
11,The Floating-Point Problem,python,ch11-b024-L1190,PASS,PASS,,,,SYNTAX/DEFINITION PASS,none,chapters/11-Numerical-Algorithms.qmd:1190; definition-only block
11,Condition Numbers,unlabeled,ch11-b025-L1223,PSEUDOCODE,NOT TESTED,,,,MANUAL REVIEW,none,chapters/11-Numerical-Algorithms.qmd:1223
11,Condition Numbers,python,ch11-b026-L1230,PASS,PASS,,,,SYNTAX/DEFINITION PASS,none,chapters/11-Numerical-Algorithms.qmd:1230; definition-only block
11,Numerically Stable Algorithms,python,ch11-b027-L1282,PASS,PASS,,,,SYNTAX/DEFINITION PASS,none,chapters/11-Numerical-Algorithms.qmd:1282; definition-only block
11,Best Practices for Numerical Computing,python,ch11-b028-L1340,MANUAL REVIEW,COMPILE PASS,,,,NOT TESTED,none,chapters/11-Numerical-Algorithms.qmd:1340; top-level If requires manual review
11,Audio Processing,python,ch11-b029-L1453,MANUAL REVIEW,COMPILE PASS,,,,NOT TESTED,none,chapters/11-Numerical-Algorithms.qmd:1453; top-level If requires manual review
11,Image Processing with FFT,python,ch11-b030-L1696,MANUAL REVIEW,COMPILE PASS,,,,NOT TESTED,none,chapters/11-Numerical-Algorithms.qmd:1696; top-level If requires manual review
11,Project Structure,unlabeled,ch11-b031-L1845,PSEUDOCODE,NOT TESTED,,,,MANUAL REVIEW,none,chapters/11-Numerical-Algorithms.qmd:1845
11,Core FFT Module,python,ch11-b032-L1875,MANUAL REVIEW,COMPILE PASS,,,,NOT TESTED,none,chapters/11-Numerical-Algorithms.qmd:1875; non-baseline or system-capable import
11,Signal Generator Module,python,ch11-b033-L1912,MANUAL REVIEW,COMPILE PASS,,,,NOT TESTED,none,chapters/11-Numerical-Algorithms.qmd:1912; non-baseline or system-capable import
11,Complete Audio Processor Application,python,ch11-b034-L2132,MANUAL REVIEW,COMPILE PASS,,,,NOT TESTED,none,chapters/11-Numerical-Algorithms.qmd:2132; non-baseline or system-capable import
11,Command-Line Interface,python,ch11-b035-L2367,MANUAL REVIEW,COMPILE PASS,,,,NOT TESTED,none,chapters/11-Numerical-Algorithms.qmd:2367; non-baseline or system-capable import
12,The Segment Tree Idea,unlabeled,ch12-b001-L63,PSEUDOCODE,NOT TESTED,,,,MANUAL REVIEW,none,chapters/12-Advanced-Data-Structures.qmd:63
12,Building a Segment Tree,python,ch12-b002-L86,PASS,PASS,,,,SYNTAX/DEFINITION PASS,none,chapters/12-Advanced-Data-Structures.qmd:86; definition-only block
12,Step-by-Step Example,python,ch12-b003-L230,MANUAL REVIEW,COMPILE PASS,,,,NOT TESTED,none,chapters/12-Advanced-Data-Structures.qmd:230; top-level If requires manual review
12,Lazy Propagation: Range Updates,python,ch12-b004-L283,MANUAL REVIEW,COMPILE PASS,,,,NOT TESTED,none,chapters/12-Advanced-Data-Structures.qmd:283; top-level If requires manual review
12,Applications and Variants,python,ch12-b005-L445,MANUAL REVIEW,COMPILE PASS,,,,NOT TESTED,none,chapters/12-Advanced-Data-Structures.qmd:445; top-level If requires manual review
12,The Brilliant Idea,unlabeled,ch12-b006-L532,PSEUDOCODE,NOT TESTED,,,,MANUAL REVIEW,none,chapters/12-Advanced-Data-Structures.qmd:532
12,Implementation,python,ch12-b007-L563,MANUAL REVIEW,COMPILE PASS,,,,NOT TESTED,none,chapters/12-Advanced-Data-Structures.qmd:563; top-level If requires manual review
12,The Magic of Bit Manipulation,python,ch12-b008-L732,MANUAL REVIEW,COMPILE PASS,,,,NOT TESTED,none,chapters/12-Advanced-Data-Structures.qmd:732; top-level If requires manual review
12,2D Fenwick Tree,python,ch12-b009-L789,MANUAL REVIEW,COMPILE PASS,,,,NOT TESTED,none,chapters/12-Advanced-Data-Structures.qmd:789; top-level If requires manual review
12,Fenwick Tree vs Segment Tree,python,ch12-b010-L901,MANUAL REVIEW,COMPILE PASS,,,,NOT TESTED,none,chapters/12-Advanced-Data-Structures.qmd:901; top-level If requires manual review
12,Persistent Array,python,ch12-b011-L998,MANUAL REVIEW,COMPILE PASS,,,,NOT TESTED,none,chapters/12-Advanced-Data-Structures.qmd:998; top-level If requires manual review
12,Persistent Segment Tree,python,ch12-b012-L1165,MANUAL REVIEW,COMPILE PASS,,,,NOT TESTED,none,chapters/12-Advanced-Data-Structures.qmd:1165; top-level If requires manual review
12,Applications of Persistence,python,ch12-b013-L1326,MANUAL REVIEW,COMPILE PASS,,,,NOT TESTED,none,chapters/12-Advanced-Data-Structures.qmd:1326; top-level If requires manual review
12,Succinct Bit Vector,python,ch12-b014-L1431,MANUAL REVIEW,COMPILE PASS,,,,NOT TESTED,none,chapters/12-Advanced-Data-Structures.qmd:1431; top-level If requires manual review
12,Wavelet Tree,python,ch12-b015-L1605,MANUAL REVIEW,COMPILE PASS,,,,NOT TESTED,none,chapters/12-Advanced-Data-Structures.qmd:1605; top-level If requires manual review
12,Applications of Succinct Structures,python,ch12-b016-L1739,MANUAL REVIEW,COMPILE PASS,,,,NOT TESTED,none,chapters/12-Advanced-Data-Structures.qmd:1739; top-level If requires manual review
12,Cache-Oblivious Matrix Transpose,python,ch12-b017-L1860,MANUAL REVIEW,COMPILE PASS,,,,NOT TESTED,none,chapters/12-Advanced-Data-Structures.qmd:1860; non-baseline or system-capable import
12,Van Emde Boas Layout,python,ch12-b018-L2036,MANUAL REVIEW,COMPILE PASS,,,,NOT TESTED,none,chapters/12-Advanced-Data-Structures.qmd:2036; top-level If requires manual review
12,Project Structure,unlabeled,ch12-b019-L2114,PSEUDOCODE,NOT TESTED,,,,MANUAL REVIEW,none,chapters/12-Advanced-Data-Structures.qmd:2114
12,Unified Interface,python,ch12-b020-L2143,MANUAL REVIEW,COMPILE PASS,,,,NOT TESTED,none,chapters/12-Advanced-Data-Structures.qmd:2143; non-baseline or system-capable import
12,Range Query Solver Application,python,ch12-b021-L2191,MANUAL REVIEW,COMPILE PASS,,,,NOT TESTED,none,chapters/12-Advanced-Data-Structures.qmd:2191; non-baseline or system-capable import
12,Comprehensive Benchmarking Suite,python,ch12-b022-L2324,MANUAL REVIEW,COMPILE PASS,,,,NOT TESTED,none,chapters/12-Advanced-Data-Structures.qmd:2324; non-baseline or system-capable import
13,**Smoothed Analysis**,python,ch13-b001-L58,PASS,PASS,,,,SYNTAX/DEFINITION PASS,replaced built-in sort benchmark with explicit quicksort,chapters/13-Research-Industry-Applications.qmd:58; definition-only block
13,**Learned Index Structures**,unlabeled,ch13-b002-L242,PSEUDOCODE,NOT TESTED,,,,MANUAL REVIEW,none,chapters/13-Research-Industry-Applications.qmd:242
13,"**Differential Privacy (Dwork et al., 2006)**",unlabeled,ch13-b003-L318,PSEUDOCODE,NOT TESTED,,,,MANUAL REVIEW,none,chapters/13-Research-Industry-Applications.qmd:318
13,**The Algorithms**,unlabeled,ch13-b004-L341,PSEUDOCODE,NOT TESTED,,,,MANUAL REVIEW,none,chapters/13-Research-Industry-Applications.qmd:341
13,**The Algorithms**,unlabeled,ch13-b005-L347,PSEUDOCODE,NOT TESTED,,,,MANUAL REVIEW,none,chapters/13-Research-Industry-Applications.qmd:347
13,**Backpropagation: The Learning Algorithm**,unlabeled,ch13-b006-L477,PSEUDOCODE,NOT TESTED,,,,MANUAL REVIEW,none,chapters/13-Research-Industry-Applications.qmd:477
13,**Backpropagation: The Learning Algorithm**,unlabeled,ch13-b007-L487,PSEUDOCODE,NOT TESTED,,,,MANUAL REVIEW,none,chapters/13-Research-Industry-Applications.qmd:487
13,**Backpropagation: The Learning Algorithm**,unlabeled,ch13-b008-L496,PSEUDOCODE,NOT TESTED,,,,MANUAL REVIEW,none,chapters/13-Research-Industry-Applications.qmd:496
13,**Stochastic Gradient Descent: The Optimization Workhorse**,unlabeled,ch13-b009-L518,PSEUDOCODE,NOT TESTED,,,,MANUAL REVIEW,none,chapters/13-Research-Industry-Applications.qmd:518
13,**Modern Optimizers**,unlabeled,ch13-b010-L534,PSEUDOCODE,NOT TESTED,,,,MANUAL REVIEW,none,chapters/13-Research-Industry-Applications.qmd:534
13,**Modern Optimizers**,unlabeled,ch13-b011-L541,PSEUDOCODE,NOT TESTED,,,,MANUAL REVIEW,none,chapters/13-Research-Industry-Applications.qmd:541
13,**The Self-Attention Mechanism**,unlabeled,ch13-b012-L575,PSEUDOCODE,NOT TESTED,,,,MANUAL REVIEW,none,chapters/13-Research-Industry-Applications.qmd:575
13,**The Self-Attention Mechanism**,unlabeled,ch13-b013-L582,PSEUDOCODE,NOT TESTED,,,,MANUAL REVIEW,none,chapters/13-Research-Industry-Applications.qmd:582
13,**The Self-Attention Mechanism**,unlabeled,ch13-b014-L587,PSEUDOCODE,NOT TESTED,,,,MANUAL REVIEW,none,chapters/13-Research-Industry-Applications.qmd:587
13,**The Self-Attention Mechanism**,unlabeled,ch13-b015-L592,PSEUDOCODE,NOT TESTED,,,,MANUAL REVIEW,none,chapters/13-Research-Industry-Applications.qmd:592
13,**Multi-Head Attention**,unlabeled,ch13-b016-L605,PSEUDOCODE,NOT TESTED,,,,MANUAL REVIEW,none,chapters/13-Research-Industry-Applications.qmd:605
13,**Positional Encoding**,unlabeled,ch13-b017-L621,PSEUDOCODE,NOT TESTED,,,,MANUAL REVIEW,none,chapters/13-Research-Industry-Applications.qmd:621
13,**The Full Transformer Architecture**,unlabeled,ch13-b018-L631,PSEUDOCODE,NOT TESTED,,,,MANUAL REVIEW,none,chapters/13-Research-Industry-Applications.qmd:631
13,**The Full Transformer Architecture**,unlabeled,ch13-b019-L641,PSEUDOCODE,NOT TESTED,,,,MANUAL REVIEW,none,chapters/13-Research-Industry-Applications.qmd:641
13,**The Full Transformer Architecture**,unlabeled,ch13-b020-L647,PSEUDOCODE,NOT TESTED,,,,MANUAL REVIEW,none,chapters/13-Research-Industry-Applications.qmd:647
13,**The RL Framework**,unlabeled,ch13-b021-L708,PSEUDOCODE,NOT TESTED,,,,MANUAL REVIEW,none,chapters/13-Research-Industry-Applications.qmd:708
13,**Q-Learning: The Classic Algorithm**,unlabeled,ch13-b022-L721,PSEUDOCODE,NOT TESTED,,,,MANUAL REVIEW,none,chapters/13-Research-Industry-Applications.qmd:721
13,**Deep Q-Networks (DQN)**,unlabeled,ch13-b023-L741,PSEUDOCODE,NOT TESTED,,,,MANUAL REVIEW,none,chapters/13-Research-Industry-Applications.qmd:741
13,**Deep Q-Networks (DQN)**,unlabeled,ch13-b024-L746,PSEUDOCODE,NOT TESTED,,,,MANUAL REVIEW,none,chapters/13-Research-Industry-Applications.qmd:746
13,**Policy Gradient Methods**,unlabeled,ch13-b025-L768,PSEUDOCODE,NOT TESTED,,,,MANUAL REVIEW,none,chapters/13-Research-Industry-Applications.qmd:768
13,**Policy Gradient Methods**,unlabeled,ch13-b026-L776,PSEUDOCODE,NOT TESTED,,,,MANUAL REVIEW,none,chapters/13-Research-Industry-Applications.qmd:776
13,**Proximal Policy Optimization (PPO)**,unlabeled,ch13-b027-L791,PSEUDOCODE,NOT TESTED,,,,MANUAL REVIEW,none,chapters/13-Research-Industry-Applications.qmd:791
13,**AlphaGo: Putting It All Together**,unlabeled,ch13-b028-L810,PSEUDOCODE,NOT TESTED,,,,MANUAL REVIEW,none,chapters/13-Research-Industry-Applications.qmd:810
13,**AlphaGo: Putting It All Together**,unlabeled,ch13-b029-L816,PSEUDOCODE,NOT TESTED,,,,MANUAL REVIEW,none,chapters/13-Research-Industry-Applications.qmd:816
13,**AlphaGo: Putting It All Together**,unlabeled,ch13-b030-L822,PSEUDOCODE,NOT TESTED,,,,MANUAL REVIEW,none,chapters/13-Research-Industry-Applications.qmd:822
13,**The MapReduce Paradigm**,unlabeled,ch13-b031-L865,PSEUDOCODE,NOT TESTED,,,,MANUAL REVIEW,none,chapters/13-Research-Industry-Applications.qmd:865
13,**MapReduce Algorithms**,unlabeled,ch13-b032-L909,PSEUDOCODE,NOT TESTED,,,,MANUAL REVIEW,none,chapters/13-Research-Industry-Applications.qmd:909
13,**MapReduce Algorithms**,unlabeled,ch13-b033-L916,PSEUDOCODE,NOT TESTED,,,,MANUAL REVIEW,none,chapters/13-Research-Industry-Applications.qmd:916
13,**MapReduce Algorithms**,unlabeled,ch13-b034-L922,PSEUDOCODE,NOT TESTED,,,,MANUAL REVIEW,none,chapters/13-Research-Industry-Applications.qmd:922
13,**MapReduce Algorithms**,unlabeled,ch13-b035-L928,PSEUDOCODE,NOT TESTED,,,,MANUAL REVIEW,none,chapters/13-Research-Industry-Applications.qmd:928
13,**Count-Min Sketch**,unlabeled,ch13-b036-L969,PARTIAL / SNIPPET,NOT TESTED,,,,MANUAL REVIEW,none,chapters/13-Research-Industry-Applications.qmd:969
13,**HyperLogLog**,unlabeled,ch13-b037-L1000,PSEUDOCODE,NOT TESTED,,,,MANUAL REVIEW,none,chapters/13-Research-Industry-Applications.qmd:1000
13,**Bloom Filters**,unlabeled,ch13-b038-L1029,PARTIAL / SNIPPET,NOT TESTED,,,,MANUAL REVIEW,none,chapters/13-Research-Industry-Applications.qmd:1029
13,**Pregel: Thinking Like a Vertex**,unlabeled,ch13-b039-L1067,PARTIAL / SNIPPET,NOT TESTED,,,,MANUAL REVIEW,none,chapters/13-Research-Industry-Applications.qmd:1067
13,**Pregel: Thinking Like a Vertex**,unlabeled,ch13-b040-L1082,PARTIAL / SNIPPET,NOT TESTED,,,,MANUAL REVIEW,none,chapters/13-Research-Industry-Applications.qmd:1082
13,**RSA: The Algorithm That Secured the Internet**,unlabeled,ch13-b041-L1144,PSEUDOCODE,NOT TESTED,,,,MANUAL REVIEW,none,chapters/13-Research-Industry-Applications.qmd:1144
13,**RSA: The Algorithm That Secured the Internet**,unlabeled,ch13-b042-L1160,PSEUDOCODE,NOT TESTED,,,,MANUAL REVIEW,none,chapters/13-Research-Industry-Applications.qmd:1160
13,**Bitcoin's Proof-of-Work**,unlabeled,ch13-b043-L1211,PSEUDOCODE,NOT TESTED,,,,MANUAL REVIEW,none,chapters/13-Research-Industry-Applications.qmd:1211
13,**Alternative Consensus: Proof-of-Stake**,unlabeled,ch13-b044-L1253,PSEUDOCODE,NOT TESTED,,,,MANUAL REVIEW,none,chapters/13-Research-Industry-Applications.qmd:1253
13,**Interactive Zero-Knowledge**,unlabeled,ch13-b045-L1286,PSEUDOCODE,NOT TESTED,,,,MANUAL REVIEW,none,chapters/13-Research-Industry-Applications.qmd:1286
13,**Non-Interactive Zero-Knowledge (SNARKs)**,unlabeled,ch13-b046-L1317,PSEUDOCODE,NOT TESTED,,,,MANUAL REVIEW,none,chapters/13-Research-Industry-Applications.qmd:1317
13,Analysis Template,markdown,ch13-b047-L1730,PSEUDOCODE,NOT TESTED,,,,MANUAL REVIEW,none,chapters/13-Research-Industry-Applications.qmd:1730
14,**The Adapter Pattern**,python,ch14-b001-L60,PASS,PASS,,,,SYNTAX/DEFINITION PASS,none,chapters/14-Project-Development.qmd:60; definition-only block
14,**The Facade Pattern**,python,ch14-b002-L87,PASS,PASS,,,,SYNTAX/DEFINITION PASS,none,chapters/14-Project-Development.qmd:87; definition-only block
14,**The Builder Pattern**,python,ch14-b003-L127,MANUAL REVIEW,COMPILE PASS,,,,NOT TESTED,none,chapters/14-Project-Development.qmd:127; top-level Assign requires manual review
14,Dependency Management,unlabeled,ch14-b004-L173,PSEUDOCODE,NOT TESTED,,,,MANUAL REVIEW,none,chapters/14-Project-Development.qmd:173
14,Dependency Management,python,ch14-b005-L188,PASS,PASS,,,,SYNTAX/DEFINITION PASS,none,chapters/14-Project-Development.qmd:188; definition-only block
14,Dependency Management,python,ch14-b006-L195,FAIL,FAIL,,,"Traceback (most recent call last):
  File ""/var/folders/yr/__8w8qmx287bjcrry9j4w1cc0000gn/T/book-example-q_u4h9qz/example.py"", line 1, in <module>
    class DataProcessor:
    ^^^^^^^^^^^^^^^^^^^^
        def __init__(self, storage: StorageInterface):
        ^^^^^^^^^^^^^^^^^^^^^^^^^^^^^^^^^^^^^^^^^^^^^^
            self.storage = storage  # Abstract dependency
            ^^^^^^^^^^^^^^^^^^^^^^
  File ""/var/folders/yr/__8w8qmx287bjcrry9j4w1cc0000gn/T/book-example-q_u4h9qz/example.py"", line 2, in DataProcessor
    def __init__(self, storage: StorageInterface):
                                ^^^^^^^^^^^^^^^^
NameError: name 'StorageInterface' is not defined",FAIL,none,chapters/14-Project-Development.qmd:195
14,Dependency Management,yaml,ch14-b007-L206,MANUAL REVIEW,NOT TESTED,,,,MANUAL REVIEW,none,chapters/14-Project-Development.qmd:206
14,Integration Testing,python,ch14-b008-L229,PASS,PASS,,,,SYNTAX/DEFINITION PASS,none,chapters/14-Project-Development.qmd:229; definition-only block
14,**Python's cProfile**,python,ch14-b009-L304,MANUAL REVIEW,COMPILE PASS,,,,NOT TESTED,none,chapters/14-Project-Development.qmd:304; non-baseline or system-capable import
14,**Line-by-Line Profiling**,python,ch14-b010-L336,MANUAL REVIEW,COMPILE PASS,,,,NOT TESTED,none,chapters/14-Project-Development.qmd:336; non-baseline or system-capable import
14,**Memory Profiling**,python,ch14-b011-L354,MANUAL REVIEW,COMPILE PASS,,,,NOT TESTED,none,chapters/14-Project-Development.qmd:354; non-baseline or system-capable import
14,**1. Avoid Redundant Work**,python,ch14-b012-L373,PASS,PASS,,,,SYNTAX/DEFINITION PASS,none,chapters/14-Project-Development.qmd:373; definition-only block
14,**1. Avoid Redundant Work**,python,ch14-b013-L383,PASS,PASS,,,,SYNTAX/DEFINITION PASS,none,chapters/14-Project-Development.qmd:383; definition-only block
14,**2. Use Appropriate Data Structures**,python,ch14-b014-L394,MANUAL REVIEW,COMPILE PASS,,,,NOT TESTED,none,chapters/14-Project-Development.qmd:394; top-level If requires manual review
14,**2. Use Appropriate Data Structures**,python,ch14-b015-L401,MANUAL REVIEW,COMPILE PASS,,,,NOT TESTED,none,chapters/14-Project-Development.qmd:401; top-level Assign requires manual review
14,**3. Vectorize with NumPy**,python,ch14-b016-L412,MANUAL REVIEW,COMPILE PASS,,,,NOT TESTED,none,chapters/14-Project-Development.qmd:412; top-level For requires manual review
14,**3. Vectorize with NumPy**,python,ch14-b017-L419,FAIL,FAIL,,,"Traceback (most recent call last):
  File ""/var/folders/yr/__8w8qmx287bjcrry9j4w1cc0000gn/T/book-example-_k_y019h/example.py"", line 1, in <module>
    result = arr**2 + 2*arr + 1
             ^^^
NameError: name 'arr' is not defined",FAIL,none,chapters/14-Project-Development.qmd:419
14,**4. Cache Expensive Computations**,python,ch14-b018-L429,PASS,PASS,,,,SYNTAX/DEFINITION PASS,none,chapters/14-Project-Development.qmd:429; definition-only block
14,**5. Use Generators for Large Data**,python,ch14-b019-L445,MANUAL REVIEW,COMPILE PASS,,,,NOT TESTED,none,chapters/14-Project-Development.qmd:445; top-level Assign requires manual review
14,**5. Use Generators for Large Data**,python,ch14-b020-L454,MANUAL REVIEW,COMPILE PASS,,,,NOT TESTED,none,chapters/14-Project-Development.qmd:454; top-level For requires manual review
14,**6. Parallelize Independent Work**,python,ch14-b021-L466,MANUAL REVIEW,COMPILE PASS,,,,NOT TESTED,none,chapters/14-Project-Development.qmd:466; non-baseline or system-capable import
14,The Documentation Pyramid,python,ch14-b022-L522,PASS,PASS,,,,SYNTAX/DEFINITION PASS,none,chapters/14-Project-Development.qmd:522; definition-only block
14,The Documentation Pyramid,python,ch14-b023-L541,PASS,PASS,,,,SYNTAX/DEFINITION PASS,none,chapters/14-Project-Development.qmd:541; definition-only block
14,The Documentation Pyramid,unlabeled,ch14-b024-L567,PSEUDOCODE,NOT TESTED,,,,MANUAL REVIEW,none,chapters/14-Project-Development.qmd:567
14,Point update,unlabeled,ch14-b025-L594,PSEUDOCODE,NOT TESTED,,,,MANUAL REVIEW,none,chapters/14-Project-Development.qmd:594
14,Point update,unlabeled,ch14-b026-L600,PSEUDOCODE,NOT TESTED,,,,MANUAL REVIEW,none,chapters/14-Project-Development.qmd:600
14,Point update,unlabeled,ch14-b027-L608,PSEUDOCODE,NOT TESTED,,,,MANUAL REVIEW,none,chapters/14-Project-Development.qmd:608
14,Point update,unlabeled,ch14-b028-L638,PSEUDOCODE,NOT TESTED,,,,MANUAL REVIEW,none,chapters/14-Project-Development.qmd:638
14,Point update,unlabeled,ch14-b029-L655,PSEUDOCODE,NOT TESTED,,,,MANUAL REVIEW,none,chapters/14-Project-Development.qmd:655
14,Point update,unlabeled,ch14-b030-L675,PSEUDOCODE,NOT TESTED,,,,MANUAL REVIEW,none,chapters/14-Project-Development.qmd:675
14,Documentation Best Practices,python,ch14-b031-L693,PASS,PASS,,,,SYNTAX/DEFINITION PASS,none,chapters/14-Project-Development.qmd:693; definition-only block
14,Documentation Best Practices,python,ch14-b032-L717,PASS,PASS,,"/var/folders/yr/__8w8qmx287bjcrry9j4w1cc0000gn/T/book-example-tazxs6k3/example.py:9: SyntaxWarning: invalid escape sequence '\ '
  /      \            /        \",,SYNTAX/DEFINITION PASS,none,chapters/14-Project-Development.qmd:717; definition-only block
14,README Template,unlabeled,ch14-b033-L739,PSEUDOCODE,NOT TESTED,,,,MANUAL REVIEW,none,chapters/14-Project-Development.qmd:739
14,Installation command,unlabeled,ch14-b034-L765,PSEUDOCODE,NOT TESTED,,,,MANUAL REVIEW,none,chapters/14-Project-Development.qmd:765
14,Minimal working example,unlabeled,ch14-b035-L771,PSEUDOCODE,NOT TESTED,,,,MANUAL REVIEW,none,chapters/14-Project-Development.qmd:771
14,Minimal working example,unlabeled,ch14-b036-L826,PSEUDOCODE,NOT TESTED,,,,MANUAL REVIEW,none,chapters/14-Project-Development.qmd:826
14,Writing Good Tests,python,ch14-b037-L853,PASS,PASS,,,,SYNTAX/DEFINITION PASS,none,chapters/14-Project-Development.qmd:853; definition-only block
14,Writing Good Tests,python,ch14-b038-L873,PASS,PASS,,,,SYNTAX/DEFINITION PASS,none,chapters/14-Project-Development.qmd:873; definition-only block
14,Writing Good Tests,python,ch14-b039-L887,PASS,PASS,,,,SYNTAX/DEFINITION PASS,none,chapters/14-Project-Development.qmd:887; definition-only block
14,Writing Good Tests,python,ch14-b040-L901,PASS,PASS,,,,SYNTAX/DEFINITION PASS,none,chapters/14-Project-Development.qmd:901; definition-only block
14,Writing Good Tests,python,ch14-b041-L914,PASS,PASS,,,,SYNTAX/DEFINITION PASS,none,chapters/14-Project-Development.qmd:914; definition-only block
14,Test-Driven Development (TDD),python,ch14-b042-L936,PARTIAL / SNIPPET,COMPILE FAIL,,,expected an indented block after class definition on line 15 (line 16),NOT TESTED,none,chapters/14-Project-Development.qmd:936
14,Code Review Best Practices,unlabeled,ch14-b043-L971,PSEUDOCODE,NOT TESTED,,,,MANUAL REVIEW,none,chapters/14-Project-Development.qmd:971
14,Code Review Best Practices,unlabeled,ch14-b044-L992,PSEUDOCODE,NOT TESTED,,,,MANUAL REVIEW,none,chapters/14-Project-Development.qmd:992
14,Code Review Best Practices,unlabeled,ch14-b045-L1000,PSEUDOCODE,NOT TESTED,,,,MANUAL REVIEW,none,chapters/14-Project-Development.qmd:1000
14,Code Review Best Practices,unlabeled,ch14-b046-L1013,PSEUDOCODE,NOT TESTED,,,,MANUAL REVIEW,none,chapters/14-Project-Development.qmd:1013
14,Slide Design Principles,unlabeled,ch14-b047-L1110,PSEUDOCODE,NOT TESTED,,,,MANUAL REVIEW,none,chapters/14-Project-Development.qmd:1110
14,Slide Design Principles,unlabeled,ch14-b048-L1125,PSEUDOCODE,NOT TESTED,,,,MANUAL REVIEW,none,chapters/14-Project-Development.qmd:1125
14,Presentation Delivery,unlabeled,ch14-b049-L1184,PSEUDOCODE,NOT TESTED,,,,MANUAL REVIEW,none,chapters/14-Project-Development.qmd:1184
14,Presentation Delivery,unlabeled,ch14-b050-L1190,PSEUDOCODE,NOT TESTED,,,,MANUAL REVIEW,none,chapters/14-Project-Development.qmd:1190
14,Presentation Delivery,unlabeled,ch14-b051-L1197,PSEUDOCODE,NOT TESTED,,,,MANUAL REVIEW,none,chapters/14-Project-Development.qmd:1197
14,Presentation Delivery,unlabeled,ch14-b052-L1203,PSEUDOCODE,NOT TESTED,,,,MANUAL REVIEW,none,chapters/14-Project-Development.qmd:1203
14,Demo Best Practices,unlabeled,ch14-b053-L1216,PSEUDOCODE,NOT TESTED,,,,MANUAL REVIEW,none,chapters/14-Project-Development.qmd:1216
14,Demo Best Practices,unlabeled,ch14-b054-L1222,PSEUDOCODE,NOT TESTED,,,,MANUAL REVIEW,none,chapters/14-Project-Development.qmd:1222
14,Demo Best Practices,unlabeled,ch14-b055-L1231,PSEUDOCODE,NOT TESTED,,,,MANUAL REVIEW,none,chapters/14-Project-Development.qmd:1231
15,Making Your Demo Bulletproof,unlabeled,ch15-b001-L137,PSEUDOCODE,NOT TESTED,,,,MANUAL REVIEW,none,chapters/15-Final-Presentations.qmd:137
15,Making Your Demo Bulletproof,unlabeled,ch15-b002-L143,PSEUDOCODE,NOT TESTED,,,,MANUAL REVIEW,none,chapters/15-Final-Presentations.qmd:143
15,Sample Peer Review Form,markdown,ch15-b003-L252,PSEUDOCODE,NOT TESTED,,,,MANUAL REVIEW,none,chapters/15-Final-Presentations.qmd:252
15,Industry-Style Technical Presentation,unlabeled,ch15-b004-L331,PSEUDOCODE,NOT TESTED,,,,MANUAL REVIEW,none,chapters/15-Final-Presentations.qmd:331
15,Industry-Style Technical Presentation,unlabeled,ch15-b005-L341,PSEUDOCODE,NOT TESTED,,,,MANUAL REVIEW,none,chapters/15-Final-Presentations.qmd:341
15,Industry-Style Technical Presentation,unlabeled,ch15-b006-L350,PSEUDOCODE,NOT TESTED,,,,MANUAL REVIEW,none,chapters/15-Final-Presentations.qmd:350
15,Industry-Style Technical Presentation,unlabeled,ch15-b007-L359,PSEUDOCODE,NOT TESTED,,,,MANUAL REVIEW,none,chapters/15-Final-Presentations.qmd:359
15,Industry-Style Technical Presentation,unlabeled,ch15-b008-L368,PSEUDOCODE,NOT TESTED,,,,MANUAL REVIEW,none,chapters/15-Final-Presentations.qmd:368
15,Industry-Style Technical Presentation,unlabeled,ch15-b009-L377,PSEUDOCODE,NOT TESTED,,,,MANUAL REVIEW,none,chapters/15-Final-Presentations.qmd:377
15,Industry-Style Technical Presentation,unlabeled,ch15-b010-L385,PSEUDOCODE,NOT TESTED,,,,MANUAL REVIEW,none,chapters/15-Final-Presentations.qmd:385
15,Industry-Style Technical Presentation,unlabeled,ch15-b011-L394,PSEUDOCODE,NOT TESTED,,,,MANUAL REVIEW,none,chapters/15-Final-Presentations.qmd:394
15,Common Presentation Mistakes to Avoid,unlabeled,ch15-b012-L447,PSEUDOCODE,NOT TESTED,,,,MANUAL REVIEW,none,chapters/15-Final-Presentations.qmd:447
15,Common Presentation Mistakes to Avoid,unlabeled,ch15-b013-L453,PSEUDOCODE,NOT TESTED,,,,MANUAL REVIEW,none,chapters/15-Final-Presentations.qmd:453
15,Common Presentation Mistakes to Avoid,unlabeled,ch15-b014-L459,PSEUDOCODE,NOT TESTED,,,,MANUAL REVIEW,none,chapters/15-Final-Presentations.qmd:459
15,Common Presentation Mistakes to Avoid,unlabeled,ch15-b015-L465,PSEUDOCODE,NOT TESTED,,,,MANUAL REVIEW,none,chapters/15-Final-Presentations.qmd:465
15,Common Presentation Mistakes to Avoid,unlabeled,ch15-b016-L473,PSEUDOCODE,NOT TESTED,,,,MANUAL REVIEW,none,chapters/15-Final-Presentations.qmd:473
15,Common Presentation Mistakes to Avoid,unlabeled,ch15-b017-L479,PSEUDOCODE,NOT TESTED,,,,MANUAL REVIEW,none,chapters/15-Final-Presentations.qmd:479
15,Common Presentation Mistakes to Avoid,unlabeled,ch15-b018-L485,PSEUDOCODE,NOT TESTED,,,,MANUAL REVIEW,none,chapters/15-Final-Presentations.qmd:485
15,Common Presentation Mistakes to Avoid,unlabeled,ch15-b019-L491,PSEUDOCODE,NOT TESTED,,,,MANUAL REVIEW,none,chapters/15-Final-Presentations.qmd:491
15,Common Presentation Mistakes to Avoid,unlabeled,ch15-b020-L497,PSEUDOCODE,NOT TESTED,,,,MANUAL REVIEW,none,chapters/15-Final-Presentations.qmd:497
15,Lessons Learned Document,markdown,ch15-b021-L591,PSEUDOCODE,NOT TESTED,,,,MANUAL REVIEW,none,chapters/15-Final-Presentations.qmd:591
