block_id,chapter,section,semantic_type,source_file,source_lines,expected_to_render,pdf_start_page,pdf_end_page,first_meaningful_line_found,last_meaningful_line_found,visible_content_found,verification_method,status
ch01-b001,1,Beyond the Textbook Definition,algorithm,chapters/01-introduction.qmd,47-57,YES,19,19,YES,YES,YES,first and last source signatures,PASS
ch01-b002,1,Algorithms vs. Programs: A Crucial Distinction,algorithm,chapters/01-introduction.qmd,78-82,YES,20,20,YES,YES,YES,first and last source signatures,PASS
ch01-b003,1,Algorithms vs. Programs: A Crucial Distinction,program-code,chapters/01-introduction.qmd,86-93,YES,20,24,YES,YES,YES,first and last source signatures,PASS
ch01-b004,1,Algorithms vs. Programs: A Crucial Distinction,program-code,chapters/01-introduction.qmd,97-107,YES,20,24,YES,YES,YES,first and last source signatures,PASS
ch01-b005,1,Algorithms vs. Programs: A Crucial Distinction,program-code,chapters/01-introduction.qmd,111-121,YES,20,24,YES,YES,YES,first and last source signatures,PASS
ch01-b006,1,Criterion 1: Correctness—Getting the Right Answer,algorithm,chapters/01-introduction.qmd,161-166,YES,22,22,YES,YES,YES,first and last source signatures,PASS
ch01-b007,1,Criterion 2: Efficiency—Getting There Fast,algorithm,chapters/01-introduction.qmd,207-213,YES,23,23,YES,YES,YES,first and last source signatures,PASS
ch01-b008,1,Criterion 2: Efficiency—Getting There Fast,algorithm,chapters/01-introduction.qmd,217-225,YES,23,23,YES,YES,YES,first and last source signatures,PASS
ch01-b009,1,Criterion 3: Clarity and Elegance,program-code,chapters/01-introduction.qmd,244-249,YES,23,23,YES,YES,YES,first and last source signatures,PASS
ch01-b010,1,Criterion 3: Clarity and Elegance,program-code,chapters/01-introduction.qmd,253-258,YES,23,23,YES,YES,YES,first and last source signatures,PASS
ch01-b011,1,Criterion 4: Robustness,program-code,chapters/01-introduction.qmd,275-288,YES,20,24,YES,YES,YES,first and last source signatures,PASS
ch01-b012,1,Criterion 4: Robustness,program-code,chapters/01-introduction.qmd,292-299,YES,24,290,YES,YES,YES,first and last source signatures,PASS
ch01-b013,1,Step 3: Choose a Strategy,technical-other,chapters/01-introduction.qmd,412-421,YES,27,27,YES,YES,YES,first and last source signatures,PASS
ch01-b014,1,Step 3: Choose a Strategy,inline-example,chapters/01-introduction.qmd,425-428,YES,27,27,YES,YES,YES,first and last source signatures,PASS
ch01-b015,1,Step 4: Design the Algorithm,algorithm,chapters/01-introduction.qmd,436-451,YES,28,28,YES,YES,YES,first and last source signatures,PASS
ch01-b016,1,Step 7: Implement,program-code,chapters/01-introduction.qmd,504-530,YES,29,30,YES,YES,YES,first and last source signatures,PASS
ch01-b017,1,Step 8: Test Thoroughly,program-code,chapters/01-introduction.qmd,536-546,YES,30,30,YES,YES,YES,first and last source signatures,PASS
ch01-b018,1,"Approach 1: The ""Correct"" Way",program-code,chapters/01-introduction.qmd,588-598,YES,31,31,YES,YES,YES,first and last source signatures,PASS
ch01-b019,1,"Approach 2: The ""Fast"" Way (QuickSelect)",program-code,chapters/01-introduction.qmd,608-637,YES,31,273,YES,YES,YES,first and last source signatures,PASS
ch01-b020,1,"Approach 3: The ""Approximate"" Way",program-code,chapters/01-introduction.qmd,647-656,YES,32,32,YES,YES,YES,first and last source signatures,PASS
ch01-b021,1,The Surprising Third Option: Making Algorithms Smarter,program-code,chapters/01-introduction.qmd,738-746,YES,34,34,YES,YES,YES,first and last source signatures,PASS
ch01-b022,1,The Surprising Third Option: Making Algorithms Smarter,program-code,chapters/01-introduction.qmd,750-755,YES,34,34,YES,YES,YES,first and last source signatures,PASS
ch01-b023,1,The Surprising Third Option: Making Algorithms Smarter,program-code,chapters/01-introduction.qmd,759-772,YES,35,35,YES,YES,YES,first and last source signatures,PASS
ch01-b024,1,Big-O Notation (Upper Bound),inline-example,chapters/01-introduction.qmd,829-831,YES,36,36,YES,YES,YES,first and last source signatures,PASS
ch01-b025,1,Big-O Notation (Upper Bound),inline-example,chapters/01-introduction.qmd,841-843,YES,37,37,YES,YES,YES,first and last source signatures,PASS
ch01-b026,1,Big-O Notation (Upper Bound),inline-example,chapters/01-introduction.qmd,854-856,YES,37,37,YES,YES,YES,first and last source signatures,PASS
ch01-b027,1,Big-Ω Notation (Lower Bound),inline-example,chapters/01-introduction.qmd,864-866,YES,37,37,YES,YES,YES,first and last source signatures,PASS
ch01-b028,1,Big-Ω Notation (Lower Bound),inline-example,chapters/01-introduction.qmd,874-876,YES,37,37,YES,YES,YES,first and last source signatures,PASS
ch01-b029,1,Big-Ω Notation (Lower Bound),inline-example,chapters/01-introduction.qmd,880-882,YES,37,37,NO,NO,YES,section anchor plus full contact-sheet visual sweep; signatures extraction-limited,PASS
ch01-b030,1,Big-Θ Notation (Tight Bound),inline-example,chapters/01-introduction.qmd,894-896,YES,37,37,NO,NO,YES,section anchor plus full contact-sheet visual sweep; signatures extraction-limited,PASS
ch01-b031,1,"Misconception 1: ""Big-O means exact growth rate""",program-code,chapters/01-introduction.qmd,914-920,YES,38,38,YES,YES,YES,first and last source signatures,PASS
ch01-b032,1,"Misconception 4: ""Asymptotic analysis applies to small inputs""",program-code,chapters/01-introduction.qmd,974-981,YES,39,39,YES,YES,YES,first and last source signatures,PASS
ch01-b033,1,Growth Rate Hierarchy: A Roadmap,algorithm,chapters/01-introduction.qmd,989-992,YES,39,39,YES,YES,YES,first and last source signatures,PASS
ch01-b034,1,Example 1: Nested Loops,program-code,chapters/01-introduction.qmd,1102-1108,YES,42,42,YES,YES,YES,first and last source signatures,PASS
ch01-b035,1,Example 2: Variable Inner Loop,program-code,chapters/01-introduction.qmd,1119-1125,YES,42,42,YES,YES,YES,first and last source signatures,PASS
ch01-b036,1,Example 3: Logarithmic Loop,program-code,chapters/01-introduction.qmd,1139-1153,YES,43,43,YES,YES,YES,first and last source signatures,PASS
ch01-b037,1,Example 4: Divide and Conquer,program-code,chapters/01-introduction.qmd,1164-1191,YES,43,575,YES,YES,YES,first and last source signatures,PASS
ch01-b038,1,Performance Prediction,program-code,chapters/01-introduction.qmd,1205-1218,YES,44,44,YES,YES,YES,first and last source signatures,PASS
ch01-b039,1,Algorithm Selection,program-code,chapters/01-introduction.qmd,1222-1231,YES,44,44,YES,YES,YES,first and last source signatures,PASS
ch01-b040,1,Bottleneck Identification,program-code,chapters/01-introduction.qmd,1235-1251,YES,45,45,YES,YES,YES,first and last source signatures,PASS
ch01-b041,1,Space Complexity,program-code,chapters/01-introduction.qmd,1287-1300,YES,46,482,YES,YES,YES,first and last source signatures,PASS
ch01-b042,1,Python: Our Language of Choice,terminal,chapters/01-introduction.qmd,1335-1347,YES,47,47,YES,YES,YES,first and last source signatures,PASS
ch01-b043,1,Virtual Environments: Keeping Things Clean,terminal,chapters/01-introduction.qmd,1353-1365,YES,47,47,YES,YES,YES,first and last source signatures,PASS
ch01-b044,1,Essential Libraries,terminal,chapters/01-introduction.qmd,1369-1375,YES,47,47,YES,YES,YES,first and last source signatures,PASS
ch01-b045,1,Project Structure: Building for Scale,text-diagram,chapters/01-introduction.qmd,1393-1449,YES,1,49,YES,YES,YES,first and last source signatures,PASS
ch01-b046,1,Project Structure: Building for Scale,terminal,chapters/01-introduction.qmd,1453-1463,YES,49,49,YES,YES,YES,first and last source signatures,PASS
ch01-b047,1,Version Control: Tracking Your Journey,terminal,chapters/01-introduction.qmd,1469-1541,YES,49,51,YES,YES,YES,first and last source signatures,PASS
ch01-b048,1,Building Your Benchmarking Framework,program-code,chapters/01-introduction.qmd,1547-1951,YES,51,58,YES,YES,YES,first and last source signatures,PASS
ch01-b049,1,Testing Framework: Ensuring Correctness,program-code,chapters/01-introduction.qmd,1957-1991,YES,58,59,YES,YES,YES,first and last source signatures,PASS
ch01-b050,1,Algorithm Implementations,program-code,chapters/01-introduction.qmd,1997-2201,YES,59,62,YES,YES,YES,first and last source signatures,PASS
ch01-b051,1,Complete Working Example,program-code,chapters/01-introduction.qmd,2207-2410,YES,63,66,YES,YES,YES,first and last source signatures,PASS
ch01-b052,1,Theoretical Problems,program-code,chapters/01-introduction.qmd,2564-2606,YES,70,71,YES,YES,YES,first and last source signatures,PASS
ch01-b053,1,Practical Programming Problems,program-code,chapters/01-introduction.qmd,2670-2684,YES,72,140,YES,YES,YES,first and last source signatures,PASS
ch01-b054,1,Practical Programming Problems,program-code,chapters/01-introduction.qmd,2688-2700,YES,73,140,YES,YES,YES,first and last source signatures,PASS
ch01-b055,1,Practical Programming Problems,program-code,chapters/01-introduction.qmd,2704-2711,YES,73,140,YES,YES,YES,first and last source signatures,PASS
ch01-b056,1,Practical Programming Problems,program-code,chapters/01-introduction.qmd,2721-2734,YES,73,140,YES,YES,YES,first and last source signatures,PASS
ch01-b057,1,Submission Guidelines,text-diagram,chapters/01-introduction.qmd,2881-2904,YES,77,77,YES,YES,YES,first and last source signatures,PASS
ch02-b001,2,A Simple Example: Finding Maximum Element,program-code,chapters/02-Divide-and-Conquer.qmd,111-119,YES,82,150,YES,YES,YES,first and last source signatures,PASS
ch02-b002,2,A Simple Example: Finding Maximum Element,program-code,chapters/02-Divide-and-Conquer.qmd,123-151,YES,82,82,YES,YES,YES,first and last source signatures,PASS
ch02-b003,2,The Merge Operation: The Secret Sauce,algorithm,chapters/02-Divide-and-Conquer.qmd,277-281,YES,86,87,YES,YES,YES,first and last source signatures,PASS
ch02-b004,2,The Merge Operation: The Secret Sauce,program-code,chapters/02-Divide-and-Conquer.qmd,287-323,YES,43,575,YES,YES,YES,first and last source signatures,PASS
ch02-b005,2,The Merge Operation: The Secret Sauce,technical-other,chapters/02-Divide-and-Conquer.qmd,327-356,YES,87,87,YES,YES,YES,first and last source signatures,PASS
ch02-b006,2,The Complete Merge Sort Algorithm,program-code,chapters/02-Divide-and-Conquer.qmd,371-425,YES,43,575,YES,YES,YES,first and last source signatures,PASS
ch02-b007,2,The Complete Merge Sort Algorithm,algorithm,chapters/02-Divide-and-Conquer.qmd,431-449,YES,89,89,YES,YES,YES,first and last source signatures,PASS
ch02-b008,2,Time Complexity Analysis,inline-example,chapters/02-Divide-and-Conquer.qmd,505-508,YES,90,90,NO,NO,YES,section anchor plus full contact-sheet visual sweep; signatures extraction-limited,PASS
ch02-b009,2,Time Complexity Analysis,technical-other,chapters/02-Divide-and-Conquer.qmd,512-521,YES,91,91,YES,YES,YES,first and last source signatures,PASS
ch02-b010,2,Time Complexity Analysis,technical-other,chapters/02-Divide-and-Conquer.qmd,537-545,YES,91,91,YES,YES,YES,first and last source signatures,PASS
ch02-b011,2,Optimizing Merge Sort,program-code,chapters/02-Divide-and-Conquer.qmd,614-629,YES,93,134,YES,YES,YES,first and last source signatures,PASS
ch02-b012,2,Optimizing Merge Sort,program-code,chapters/02-Divide-and-Conquer.qmd,640-655,YES,94,134,YES,YES,YES,first and last source signatures,PASS
ch02-b013,2,Optimizing Merge Sort,program-code,chapters/02-Divide-and-Conquer.qmd,667-677,YES,94,94,YES,YES,YES,first and last source signatures,PASS
ch02-b014,2,A Simple Example,technical-other,chapters/02-Divide-and-Conquer.qmd,726-749,YES,96,100,YES,YES,YES,first and last source signatures,PASS
ch02-b015,2,The Partition Operation,program-code,chapters/02-Divide-and-Conquer.qmd,765-806,YES,96,97,YES,YES,YES,first and last source signatures,PASS
ch02-b016,2,The Partition Operation,technical-other,chapters/02-Divide-and-Conquer.qmd,810-848,YES,97,98,YES,YES,YES,first and last source signatures,PASS
ch02-b017,2,The Complete QuickSort Algorithm,program-code,chapters/02-Divide-and-Conquer.qmd,863-917,YES,98,127,YES,YES,YES,first and last source signatures,PASS
ch02-b018,2,The Complete QuickSort Algorithm,technical-other,chapters/02-Divide-and-Conquer.qmd,921-954,YES,99,100,YES,YES,YES,first and last source signatures,PASS
ch02-b019,2,Best Case: O(n log n),inline-example,chapters/02-Divide-and-Conquer.qmd,964-969,YES,100,100,YES,YES,YES,first and last source signatures,PASS
ch02-b020,2,Worst Case: O(n²),data-example,chapters/02-Divide-and-Conquer.qmd,981-987,YES,101,101,YES,YES,YES,first and last source signatures,PASS
ch02-b021,2,Worst Case: O(n²),technical-other,chapters/02-Divide-and-Conquer.qmd,991-998,YES,101,101,YES,YES,YES,first and last lines manually confirmed in page raster and PDF extraction,PASS
ch02-b022,2,The Worst Case Problem: Randomization to the Rescue!,program-code,chapters/02-Divide-and-Conquer.qmd,1029-1064,YES,31,102,YES,YES,YES,first and last source signatures,PASS
ch02-b023,2,Alternative Pivot Selection Strategies,program-code,chapters/02-Divide-and-Conquer.qmd,1088-1109,YES,103,103,YES,YES,YES,first and last source signatures,PASS
ch02-b024,2,Alternative Pivot Selection Strategies,program-code,chapters/02-Divide-and-Conquer.qmd,1119-1135,YES,103,103,YES,YES,YES,first and last source signatures,PASS
ch02-b025,2,Alternative Pivot Selection Strategies,program-code,chapters/02-Divide-and-Conquer.qmd,1145-1153,YES,104,104,YES,YES,YES,first and last source signatures,PASS
ch02-b026,2,Optimizing QuickSort for Production,program-code,chapters/02-Divide-and-Conquer.qmd,1207-1231,YES,105,128,YES,YES,YES,first and last source signatures,PASS
ch02-b027,2,Optimizing QuickSort for Production,program-code,chapters/02-Divide-and-Conquer.qmd,1245-1282,YES,106,106,YES,YES,YES,first and last source signatures,PASS
ch02-b028,2,Optimizing QuickSort for Production,program-code,chapters/02-Divide-and-Conquer.qmd,1292-1309,YES,107,107,YES,YES,YES,first and last source signatures,PASS
ch02-b029,2,Recurrence Relations: The Language of Recursion,algorithm,chapters/02-Divide-and-Conquer.qmd,1339-1346,YES,108,108,YES,YES,YES,first and last source signatures,PASS
ch02-b030,2,Recurrence Relations: The Language of Recursion,technical-other,chapters/02-Divide-and-Conquer.qmd,1352-1359,YES,108,108,YES,YES,YES,first and last source signatures,PASS
ch02-b031,2,Recurrence Relations: The Language of Recursion,inline-example,chapters/02-Divide-and-Conquer.qmd,1363-1367,YES,108,108,YES,YES,YES,first and last source signatures,PASS
ch02-b032,2,Recurrence Relations: The Language of Recursion,technical-other,chapters/02-Divide-and-Conquer.qmd,1371-1378,YES,108,108,YES,YES,YES,first and last source signatures,PASS
ch02-b033,2,Recurrence Relations: The Language of Recursion,technical-other,chapters/02-Divide-and-Conquer.qmd,1382-1389,YES,108,108,YES,YES,YES,first and last source signatures,PASS
ch02-b034,2,Method 1: Recursion Tree (Visual),technical-other,chapters/02-Divide-and-Conquer.qmd,1401-1412,YES,91,109,YES,YES,YES,first and last source signatures,PASS
ch02-b035,2,Method 2: Substitution (Guess and Verify),technical-other,chapters/02-Divide-and-Conquer.qmd,1441-1455,YES,109,109,YES,YES,YES,first and last source signatures,PASS
ch02-b036,2,The Master Theorem,inline-example,chapters/02-Divide-and-Conquer.qmd,1469-1471,YES,3,3,NO,NO,YES,section anchor plus full contact-sheet visual sweep; signatures extraction-limited,PASS
ch02-b037,2,The Master Theorem,inline-example,chapters/02-Divide-and-Conquer.qmd,1477-1479,YES,3,3,NO,NO,YES,section anchor plus full contact-sheet visual sweep; signatures extraction-limited,PASS
ch02-b038,2,The Master Theorem,inline-example,chapters/02-Divide-and-Conquer.qmd,1483-1485,YES,110,111,YES,YES,YES,first and last source signatures,PASS
ch02-b039,2,The Master Theorem,inline-example,chapters/02-Divide-and-Conquer.qmd,1489-1491,YES,3,3,NO,NO,YES,section anchor plus full contact-sheet visual sweep; signatures extraction-limited,PASS
ch02-b040,2,Example 1: Merge Sort,inline-example,chapters/02-Divide-and-Conquer.qmd,1534-1536,YES,111,111,NO,NO,YES,section anchor plus full contact-sheet visual sweep; signatures extraction-limited,PASS
ch02-b041,2,Example 1: Merge Sort,algorithm,chapters/02-Divide-and-Conquer.qmd,1540-1545,YES,111,111,YES,YES,YES,first and last source signatures,PASS
ch02-b042,2,Example 1: Merge Sort,inline-example,chapters/02-Divide-and-Conquer.qmd,1551-1555,YES,110,111,YES,YES,YES,first and last source signatures,PASS
ch02-b043,2,Example 2: Binary Search,inline-example,chapters/02-Divide-and-Conquer.qmd,1571-1573,YES,111,111,NO,NO,YES,section anchor plus full contact-sheet visual sweep; signatures extraction-limited,PASS
ch02-b044,2,Example 2: Binary Search,algorithm,chapters/02-Divide-and-Conquer.qmd,1577-1582,YES,112,112,YES,YES,YES,first and last source signatures,PASS
ch02-b045,2,Example 2: Binary Search,inline-example,chapters/02-Divide-and-Conquer.qmd,1588-1590,YES,111,111,NO,NO,YES,section anchor plus full contact-sheet visual sweep; signatures extraction-limited,PASS
ch02-b046,2,Example 3: Finding Maximum (Divide & Conquer),inline-example,chapters/02-Divide-and-Conquer.qmd,1606-1608,YES,112,112,NO,NO,YES,section anchor plus full contact-sheet visual sweep; signatures extraction-limited,PASS
ch02-b047,2,Example 3: Finding Maximum (Divide & Conquer),algorithm,chapters/02-Divide-and-Conquer.qmd,1612-1617,YES,112,112,YES,YES,YES,first and last source signatures,PASS
ch02-b048,2,Example 3: Finding Maximum (Divide & Conquer),inline-example,chapters/02-Divide-and-Conquer.qmd,1623-1627,YES,112,112,NO,NO,YES,section anchor plus full contact-sheet visual sweep; signatures extraction-limited,PASS
ch02-b049,2,Example 4: Strassen's Matrix Multiplication (Preview),inline-example,chapters/02-Divide-and-Conquer.qmd,1643-1645,YES,113,113,YES,YES,YES,first and last source signatures,PASS
ch02-b050,2,Example 4: Strassen's Matrix Multiplication (Preview),algorithm,chapters/02-Divide-and-Conquer.qmd,1649-1654,YES,113,113,YES,YES,YES,first and last source signatures,PASS
ch02-b051,2,Example 4: Strassen's Matrix Multiplication (Preview),inline-example,chapters/02-Divide-and-Conquer.qmd,1660-1663,YES,112,112,NO,NO,YES,section anchor plus full contact-sheet visual sweep; signatures extraction-limited,PASS
ch02-b052,2,Example 5: A Contrived Case 3 Example,inline-example,chapters/02-Divide-and-Conquer.qmd,1679-1681,YES,113,113,NO,NO,YES,section anchor plus full contact-sheet visual sweep; signatures extraction-limited,PASS
ch02-b053,2,Example 5: A Contrived Case 3 Example,algorithm,chapters/02-Divide-and-Conquer.qmd,1685-1690,YES,113,113,YES,YES,YES,first and last source signatures,PASS
ch02-b054,2,Example 5: A Contrived Case 3 Example,technical-other,chapters/02-Divide-and-Conquer.qmd,1694-1700,YES,114,114,YES,YES,YES,first and last source signatures,PASS
ch02-b055,2,Example 5: A Contrived Case 3 Example,inline-example,chapters/02-Divide-and-Conquer.qmd,1706-1709,YES,113,113,NO,NO,YES,section anchor plus full contact-sheet visual sweep; signatures extraction-limited,PASS
ch02-b056,2,When Master Theorem Doesn't Apply,technical-other,chapters/02-Divide-and-Conquer.qmd,1721-1732,YES,114,114,YES,YES,YES,first and last source signatures,PASS
ch02-b057,2,When Master Theorem Doesn't Apply,inline-example,chapters/02-Divide-and-Conquer.qmd,1738-1741,YES,114,138,YES,YES,YES,first and last source signatures,PASS
ch02-b058,2,When Master Theorem Doesn't Apply,inline-example,chapters/02-Divide-and-Conquer.qmd,1747-1751,YES,114,138,YES,YES,YES,first and last source signatures,PASS
ch02-b059,2,When Master Theorem Doesn't Apply,technical-other,chapters/02-Divide-and-Conquer.qmd,1757-1766,YES,115,115,YES,YES,YES,first and last source signatures,PASS
ch02-b060,2,Master Theorem Cheat Sheet,inline-example,chapters/02-Divide-and-Conquer.qmd,1776-1778,YES,115,115,NO,NO,YES,section anchor plus full contact-sheet visual sweep; signatures extraction-limited,PASS
ch02-b061,2,Akra-Bazzi Method (Generalized Master Theorem),inline-example,chapters/02-Divide-and-Conquer.qmd,1865-1869,YES,117,117,YES,YES,YES,first and last source signatures,PASS
ch02-b062,2,Generating Functions,inline-example,chapters/02-Divide-and-Conquer.qmd,1875-1879,YES,117,117,YES,YES,YES,first and last source signatures,PASS
ch02-b063,2,Application 1: Fast Integer Multiplication (Karatsuba Algorithm),algorithm,chapters/02-Divide-and-Conquer.qmd,1899-1904,YES,117,117,YES,YES,YES,first and last source signatures,PASS
ch02-b064,2,Application 1: Fast Integer Multiplication (Karatsuba Algorithm),inline-example,chapters/02-Divide-and-Conquer.qmd,1910-1915,YES,118,118,YES,YES,YES,first and last source signatures,PASS
ch02-b065,2,Application 1: Fast Integer Multiplication (Karatsuba Algorithm),technical-other,chapters/02-Divide-and-Conquer.qmd,1919-1931,YES,118,118,YES,YES,YES,first and last source signatures,PASS
ch02-b066,2,Application 1: Fast Integer Multiplication (Karatsuba Algorithm),technical-other,chapters/02-Divide-and-Conquer.qmd,1935-1944,YES,118,118,YES,YES,YES,first and last source signatures,PASS
ch02-b067,2,Application 1: Fast Integer Multiplication (Karatsuba Algorithm),program-code,chapters/02-Divide-and-Conquer.qmd,1948-1982,YES,118,119,YES,YES,YES,first and last source signatures,PASS
ch02-b068,2,Application 1: Fast Integer Multiplication (Karatsuba Algorithm),technical-other,chapters/02-Divide-and-Conquer.qmd,1986-1996,YES,101,119,YES,YES,YES,first and last source signatures,PASS
ch02-b069,2,Application 2: Closest Pair of Points,program-code,chapters/02-Divide-and-Conquer.qmd,2012-2024,YES,119,121,YES,YES,YES,first and last source signatures,PASS
ch02-b070,2,Application 2: Closest Pair of Points,program-code,chapters/02-Divide-and-Conquer.qmd,2028-2123,YES,120,121,YES,YES,YES,first and last source signatures,PASS
ch02-b071,2,Application 2: Closest Pair of Points,technical-other,chapters/02-Divide-and-Conquer.qmd,2137-2143,YES,101,478,YES,YES,YES,first and last source signatures,PASS
ch02-b072,2,Application 3: Matrix Multiplication (Strassen's Algorithm),program-code,chapters/02-Divide-and-Conquer.qmd,2151-2163,YES,122,453,YES,YES,YES,first and last source signatures,PASS
ch02-b073,2,Application 3: Matrix Multiplication (Strassen's Algorithm),data-example,chapters/02-Divide-and-Conquer.qmd,2169-2176,YES,122,122,YES,YES,YES,first and last source signatures,PASS
ch02-b074,2,Application 3: Matrix Multiplication (Strassen's Algorithm),algorithm,chapters/02-Divide-and-Conquer.qmd,2180-2196,YES,123,123,YES,YES,YES,first and last source signatures,PASS
ch02-b075,2,Application 4: Fast Fourier Transform (FFT),program-code,chapters/02-Divide-and-Conquer.qmd,2223-2261,YES,51,124,YES,YES,YES,first and last source signatures,PASS
ch02-b076,2,Application 4: Fast Fourier Transform (FFT),inline-example,chapters/02-Divide-and-Conquer.qmd,2265-2268,YES,123,123,NO,NO,YES,section anchor plus full contact-sheet visual sweep; signatures extraction-limited,PASS
ch02-b077,2,Building a Production-Quality Sorting Library,program-code,chapters/02-Divide-and-Conquer.qmd,2280-2483,YES,125,128,YES,YES,YES,first and last source signatures,PASS
ch02-b078,2,Performance Benchmarking,program-code,chapters/02-Divide-and-Conquer.qmd,2489-2635,YES,128,131,YES,YES,YES,first and last source signatures,PASS
ch02-b079,2,Common Implementation Pitfalls,program-code,chapters/02-Divide-and-Conquer.qmd,2677-2687,YES,132,132,YES,YES,YES,first and last source signatures,PASS
ch02-b080,2,Common Implementation Pitfalls,program-code,chapters/02-Divide-and-Conquer.qmd,2693-2701,YES,132,132,YES,YES,YES,first and last source signatures,PASS
ch02-b081,2,Common Implementation Pitfalls,program-code,chapters/02-Divide-and-Conquer.qmd,2707-2717,YES,132,132,YES,YES,YES,first and last source signatures,PASS
ch02-b082,2,Common Implementation Pitfalls,program-code,chapters/02-Divide-and-Conquer.qmd,2723-2731,YES,133,133,YES,YES,YES,first and last source signatures,PASS
ch02-b083,2,Parallel Divide and Conquer,program-code,chapters/02-Divide-and-Conquer.qmd,2743-2784,YES,133,134,YES,YES,YES,first and last source signatures,PASS
ch02-b084,2,Cache-Oblivious Algorithms,program-code,chapters/02-Divide-and-Conquer.qmd,2803-2822,YES,134,134,YES,YES,YES,first and last source signatures,PASS
ch02-b085,2,When to Use Each Algorithm,algorithm,chapters/02-Divide-and-Conquer.qmd,2912-2927,YES,137,137,YES,YES,YES,first and last source signatures,PASS
ch02-b086,2,Programming Problems,program-code,chapters/02-Divide-and-Conquer.qmd,3043-3050,YES,140,140,YES,YES,YES,first and last source signatures,PASS
ch02-b087,2,Programming Problems,program-code,chapters/02-Divide-and-Conquer.qmd,3066-3082,YES,140,140,YES,YES,YES,first and last source signatures,PASS
ch02-b088,2,Programming Problems,program-code,chapters/02-Divide-and-Conquer.qmd,3092-3107,YES,141,273,YES,YES,YES,first and last source signatures,PASS
ch02-b089,2,Programming Problems,program-code,chapters/02-Divide-and-Conquer.qmd,3117-3127,YES,141,141,YES,YES,YES,first and last source signatures,PASS
ch02-b090,2,Challenge Problems,program-code,chapters/02-Divide-and-Conquer.qmd,3145-3160,YES,142,142,YES,YES,YES,first and last source signatures,PASS
ch02-b091,2,Challenge Problems,program-code,chapters/02-Divide-and-Conquer.qmd,3174-3190,YES,142,142,YES,YES,YES,first and last source signatures,PASS
ch03-b001,3,Core Heap Operations,program-code,chapters/03-Data-Structures-for-Efficiency.qmd,120-231,YES,148,152,YES,YES,YES,first and last source signatures,PASS
ch03-b002,3,The Magic of O(n) Heap Construction,technical-other,chapters/03-Data-Structures-for-Efficiency.qmd,248-255,YES,150,150,YES,YES,YES,first and last source signatures,PASS
ch03-b003,3,Advanced Heap Operations,program-code,chapters/03-Data-Structures-for-Efficiency.qmd,259-323,YES,151,152,YES,YES,YES,first and last source signatures,PASS
ch03-b004,3,Application 1: K Largest Elements,program-code,chapters/03-Data-Structures-for-Efficiency.qmd,329-371,YES,152,153,YES,YES,YES,first and last source signatures,PASS
ch03-b005,3,Application 2: Median Maintenance,program-code,chapters/03-Data-Structures-for-Efficiency.qmd,375-414,YES,153,153,YES,YES,YES,first and last source signatures,PASS
ch03-b006,3,The Balance Problem,technical-other,chapters/03-Data-Structures-for-Efficiency.qmd,426-441,YES,154,174,YES,YES,YES,first and last source signatures,PASS
ch03-b007,3,The Balance Problem,text-diagram,chapters/03-Data-Structures-for-Efficiency.qmd,445-454,YES,154,174,YES,YES,YES,first and last source signatures,PASS
ch03-b008,3,AVL Tree Implementation,program-code,chapters/03-Data-Structures-for-Efficiency.qmd,466-661,YES,155,511,YES,YES,YES,first and last source signatures,PASS
ch03-b009,3,Red-Black Trees: A Different Balance,program-code,chapters/03-Data-Structures-for-Efficiency.qmd,682-827,YES,158,161,YES,YES,YES,first and last source signatures,PASS
ch03-b010,3,The Dream of Constant Time,inline-example,chapters/03-Data-Structures-for-Efficiency.qmd,839-841,YES,161,161,YES,YES,YES,first and last source signatures,PASS
ch03-b011,3,Hash Function Design,program-code,chapters/03-Data-Structures-for-Efficiency.qmd,851-978,YES,162,277,YES,YES,YES,first and last source signatures,PASS
ch03-b012,3,Strategy 2: Open Addressing,program-code,chapters/03-Data-Structures-for-Efficiency.qmd,1001-1083,YES,164,276,YES,YES,YES,first and last source signatures,PASS
ch03-b013,3,Cuckoo Hashing - Worst-Case O(1) Lookup,program-code,chapters/03-Data-Structures-for-Efficiency.qmd,1089-1166,YES,166,167,YES,YES,YES,first and last source signatures,PASS
ch03-b014,3,Consistent Hashing - Distributed Systems,program-code,chapters/03-Data-Structures-for-Efficiency.qmd,1170-1230,YES,167,168,YES,YES,YES,first and last source signatures,PASS
ch03-b015,3,Method 1: Aggregate Analysis,program-code,chapters/03-Data-Structures-for-Efficiency.qmd,1252-1290,YES,169,170,YES,YES,YES,first and last source signatures,PASS
ch03-b016,3,Method 2: Accounting Method,program-code,chapters/03-Data-Structures-for-Efficiency.qmd,1296-1310,YES,170,170,YES,YES,YES,first and last source signatures,PASS
ch03-b017,3,Method 3: Potential Method,program-code,chapters/03-Data-Structures-for-Efficiency.qmd,1316-1335,YES,170,170,YES,YES,YES,first and last source signatures,PASS
ch03-b018,3,Union-Find: Amortization in Action,program-code,chapters/03-Data-Structures-for-Efficiency.qmd,1339-1392,YES,171,172,YES,YES,YES,first and last source signatures,PASS
ch03-b019,3,Fibonacci Heaps - Theoretical Optimality,program-code,chapters/03-Data-Structures-for-Efficiency.qmd,1402-1493,YES,172,173,YES,YES,YES,first and last source signatures,PASS
ch03-b020,3,Skip Lists - Probabilistic Balance,program-code,chapters/03-Data-Structures-for-Efficiency.qmd,1497-1583,YES,31,175,YES,YES,YES,first and last source signatures,PASS
ch03-b021,3,Bloom Filters - Space-Efficient Membership,program-code,chapters/03-Data-Structures-for-Efficiency.qmd,1587-1654,YES,168,176,YES,YES,YES,first and last source signatures,PASS
ch03-b022,3,Building a Production-Ready Library,program-code,chapters/03-Data-Structures-for-Efficiency.qmd,1662-1673,YES,177,177,YES,YES,YES,first and last source signatures,PASS
ch03-b023,3,Comprehensive Testing Suite,program-code,chapters/03-Data-Structures-for-Efficiency.qmd,1677-1787,YES,177,179,YES,YES,YES,first and last source signatures,PASS
ch03-b024,3,Performance Benchmarking Framework,program-code,chapters/03-Data-Structures-for-Efficiency.qmd,1791-1914,YES,179,525,YES,YES,YES,first and last source signatures,PASS
ch03-b025,3,Real-World Application: LRU Cache,program-code,chapters/03-Data-Structures-for-Efficiency.qmd,1918-2038,YES,181,183,YES,YES,YES,first and last source signatures,PASS
ch03-b026,3,Implementation Problems,program-code,chapters/03-Data-Structures-for-Efficiency.qmd,2056-2068,YES,184,184,YES,YES,YES,first and last source signatures,PASS
ch03-b027,3,Implementation Problems,program-code,chapters/03-Data-Structures-for-Efficiency.qmd,2072-2084,YES,184,184,YES,YES,YES,first and last source signatures,PASS
ch03-b028,3,Implementation Problems,program-code,chapters/03-Data-Structures-for-Efficiency.qmd,2088-2100,YES,185,185,YES,YES,YES,first and last source signatures,PASS
ch04-b001,4,Implementation and Proof,program-code,chapters/04-Greedy-Algorithms.qmd,163-234,YES,191,192,YES,YES,YES,first and last source signatures,PASS
ch04-b002,4,Weighted Activity Selection,program-code,chapters/04-Greedy-Algorithms.qmd,240-272,YES,192,193,YES,YES,YES,first and last source signatures,PASS
ch04-b003,4,Interval Partitioning,program-code,chapters/04-Greedy-Algorithms.qmd,278-352,YES,193,338,YES,YES,YES,first and last source signatures,PASS
ch04-b004,4,Building the Huffman Tree,program-code,chapters/04-Greedy-Algorithms.qmd,368-559,YES,51,198,YES,YES,YES,first and last source signatures,PASS
ch04-b005,4,Example: Compressing Text,program-code,chapters/04-Greedy-Algorithms.qmd,563-598,YES,198,199,YES,YES,YES,first and last source signatures,PASS
ch04-b006,4,Kruskal's Algorithm - Edge-Centric Greedy,program-code,chapters/04-Greedy-Algorithms.qmd,617-706,YES,199,201,YES,YES,YES,first and last source signatures,PASS
ch04-b007,4,Prim's Algorithm - Vertex-Centric Greedy,program-code,chapters/04-Greedy-Algorithms.qmd,710-824,YES,201,203,YES,YES,YES,first and last source signatures,PASS
ch04-b008,4,MST Properties and Proofs,program-code,chapters/04-Greedy-Algorithms.qmd,828-884,YES,203,346,YES,YES,YES,first and last source signatures,PASS
ch04-b009,4,Single-Source Shortest Paths,program-code,chapters/04-Greedy-Algorithms.qmd,894-1093,YES,204,208,YES,YES,YES,first and last source signatures,PASS
ch04-b010,4,Common Pitfalls,program-code,chapters/04-Greedy-Algorithms.qmd,1101-1193,YES,208,210,YES,YES,YES,first and last source signatures,PASS
ch04-b011,4,Proving Greedy Correctness,program-code,chapters/04-Greedy-Algorithms.qmd,1197-1278,YES,210,346,YES,YES,YES,first and last source signatures,PASS
ch04-b012,4,Comprehensive Implementation,program-code,chapters/04-Greedy-Algorithms.qmd,1286-1448,YES,212,214,YES,YES,YES,first and last source signatures,PASS
ch04-b013,4,Testing and Benchmarking,program-code,chapters/04-Greedy-Algorithms.qmd,1452-1569,YES,215,389,YES,YES,YES,first and last source signatures,PASS
ch04-b014,4,Implementation Problems,program-code,chapters/04-Greedy-Algorithms.qmd,1587-1601,YES,217,217,YES,YES,YES,first and last source signatures,PASS
ch04-b015,4,Implementation Problems,program-code,chapters/04-Greedy-Algorithms.qmd,1605-1618,YES,218,218,YES,YES,YES,first and last source signatures,PASS
ch04-b016,4,Implementation Problems,program-code,chapters/04-Greedy-Algorithms.qmd,1622-1636,YES,218,218,YES,YES,YES,first and last source signatures,PASS
ch05-b001,5,Fibonacci: A Cautionary Tale,technical-other,chapters/05-Dynamic-Programming.qmd,78-84,YES,223,223,YES,YES,YES,first and last source signatures,PASS
ch05-b002,5,Fibonacci: A Cautionary Tale,program-code,chapters/05-Dynamic-Programming.qmd,88-112,YES,224,224,YES,YES,YES,first and last source signatures,PASS
ch05-b003,5,Fibonacci: A Cautionary Tale,program-code,chapters/05-Dynamic-Programming.qmd,116-124,YES,224,224,YES,YES,YES,first and last source signatures,PASS
ch05-b004,5,Counting the Catastrophe,technical-other,chapters/05-Dynamic-Programming.qmd,145-151,YES,225,225,YES,YES,YES,first and last source signatures,PASS
ch05-b005,5,Enter Dynamic Programming: Memoization,program-code,chapters/05-Dynamic-Programming.qmd,174-205,YES,226,226,YES,YES,YES,first and last source signatures,PASS
ch05-b006,5,Enter Dynamic Programming: Memoization,program-code,chapters/05-Dynamic-Programming.qmd,215-220,YES,226,226,YES,YES,YES,first and last source signatures,PASS
ch05-b007,5,The Two Fundamental Properties,technical-other,chapters/05-Dynamic-Programming.qmd,241-245,YES,227,227,YES,YES,YES,first and last source signatures,PASS
ch05-b008,5,The Two Fundamental Properties,technical-other,chapters/05-Dynamic-Programming.qmd,251-258,YES,227,233,YES,YES,YES,first and last source signatures,PASS
ch05-b009,5,Tabulation: The Bottom-Up Alternative,program-code,chapters/05-Dynamic-Programming.qmd,266-301,YES,227,288,YES,YES,YES,first and last source signatures,PASS
ch05-b010,5,Tabulation: The Bottom-Up Alternative,technical-other,chapters/05-Dynamic-Programming.qmd,305-316,YES,228,228,YES,YES,YES,first and last source signatures,PASS
ch05-b011,5,Space Optimization: Using Only What You Need,program-code,chapters/05-Dynamic-Programming.qmd,336-359,YES,229,229,YES,YES,YES,first and last source signatures,PASS
ch05-b012,5,A Systematic Approach to DP Problems,technical-other,chapters/05-Dynamic-Programming.qmd,428-437,YES,231,231,YES,YES,YES,first and last source signatures,PASS
ch05-b013,5,A Systematic Approach to DP Problems,technical-other,chapters/05-Dynamic-Programming.qmd,441-447,YES,231,235,YES,YES,YES,first and last source signatures,PASS
ch05-b014,5,Step 1: Characterize the Structure of Optimal Solutions,technical-other,chapters/05-Dynamic-Programming.qmd,468-482,YES,232,232,YES,YES,YES,first and last source signatures,PASS
ch05-b015,5,Step 2: Define the Recurrence Relation Precisely,algorithm,chapters/05-Dynamic-Programming.qmd,490-505,YES,232,232,YES,YES,YES,first and last source signatures,PASS
ch05-b016,5,Step 3: Identify Overlapping Subproblems,technical-other,chapters/05-Dynamic-Programming.qmd,511-527,YES,233,233,YES,YES,YES,first and last source signatures,PASS
ch05-b017,5,Step 4: Implement Bottom-Up (Tabulation),program-code,chapters/05-Dynamic-Programming.qmd,535-580,YES,233,235,YES,YES,YES,first and last source signatures,PASS
ch05-b018,5,Step 4: Implement Bottom-Up (Tabulation),technical-other,chapters/05-Dynamic-Programming.qmd,584-597,YES,234,234,YES,YES,YES,first and last source signatures,PASS
ch05-b019,5,Step 5: Extract the Solution (Which Items to Take),program-code,chapters/05-Dynamic-Programming.qmd,611-649,YES,234,235,YES,YES,YES,first and last source signatures,PASS
ch05-b020,5,Step 5: Extract the Solution (Which Items to Take),technical-other,chapters/05-Dynamic-Programming.qmd,653-672,YES,235,235,YES,YES,YES,first and last source signatures,PASS
ch05-b021,5,Step 6: Optimize Space (When Possible),program-code,chapters/05-Dynamic-Programming.qmd,678-710,YES,236,236,YES,YES,YES,first and last source signatures,PASS
ch05-b022,5,Step 6: Optimize Space (When Possible),program-code,chapters/05-Dynamic-Programming.qmd,714-732,YES,237,237,YES,YES,YES,first and last source signatures,PASS
ch05-b023,5,The Longest Common Subsequence (LCS) Problem,technical-other,chapters/05-Dynamic-Programming.qmd,780-786,YES,238,238,YES,YES,YES,first and last source signatures,PASS
ch05-b024,5,Developing the Solution,inline-example,chapters/05-Dynamic-Programming.qmd,836-838,YES,239,239,NO,NO,YES,section anchor plus full contact-sheet visual sweep; signatures extraction-limited,PASS
ch05-b025,5,Developing the Solution,technical-other,chapters/05-Dynamic-Programming.qmd,846-851,YES,239,239,YES,YES,YES,first and last source signatures,PASS
ch05-b026,5,Matrix Chain Implementation,program-code,chapters/05-Dynamic-Programming.qmd,861-924,YES,240,241,YES,YES,YES,first and last source signatures,PASS
ch05-b027,5,Tracing Through an Example,program-code,chapters/05-Dynamic-Programming.qmd,928-948,YES,241,241,YES,YES,YES,first and last source signatures,PASS
ch05-b028,5,1. Interval DP,program-code,chapters/05-Dynamic-Programming.qmd,976-1011,YES,242,242,YES,YES,YES,first and last source signatures,PASS
ch05-b029,5,2. Tree DP,program-code,chapters/05-Dynamic-Programming.qmd,1017-1040,YES,243,243,YES,YES,YES,first and last source signatures,PASS
ch05-b030,5,3. Digit DP,program-code,chapters/05-Dynamic-Programming.qmd,1046-1079,YES,243,244,YES,YES,YES,first and last source signatures,PASS
ch05-b031,5,1. Rolling Array,program-code,chapters/05-Dynamic-Programming.qmd,1087-1099,YES,244,244,YES,YES,YES,first and last source signatures,PASS
ch05-b032,5,2. State Compression,program-code,chapters/05-Dynamic-Programming.qmd,1105-1144,YES,209,575,YES,YES,YES,first and last source signatures,PASS
ch05-b033,5,3. Divide and Conquer Optimization,program-code,chapters/05-Dynamic-Programming.qmd,1150-1158,YES,245,245,YES,YES,YES,first and last source signatures,PASS
ch05-b034,5,Project Structure,text-diagram,chapters/05-Dynamic-Programming.qmd,1189-1219,YES,4,247,YES,YES,YES,first and last source signatures,PASS
ch05-b035,5,Core Implementation: DP Base Class,program-code,chapters/05-Dynamic-Programming.qmd,1223-1378,YES,246,249,YES,YES,YES,first and last source signatures,PASS
ch05-b036,5,Example: Knapsack Implementation,program-code,chapters/05-Dynamic-Programming.qmd,1382-1469,YES,250,251,YES,YES,YES,first and last source signatures,PASS
ch05-b037,5,Visualization Component,program-code,chapters/05-Dynamic-Programming.qmd,1473-1566,YES,251,253,YES,YES,YES,first and last source signatures,PASS
ch05-b038,5,Real-World Example: DNA Alignment Tool,program-code,chapters/05-Dynamic-Programming.qmd,1570-1669,YES,247,525,YES,YES,YES,first and last source signatures,PASS
ch05-b039,5,Testing Suite,program-code,chapters/05-Dynamic-Programming.qmd,1673-1780,YES,246,389,YES,YES,YES,first and last source signatures,PASS
ch05-b040,5,Programming Problems,program-code,chapters/05-Dynamic-Programming.qmd,1798-1810,YES,258,258,YES,YES,YES,first and last source signatures,PASS
ch05-b041,5,Programming Problems,program-code,chapters/05-Dynamic-Programming.qmd,1814-1826,YES,258,258,YES,YES,YES,first and last source signatures,PASS
ch05-b042,5,Programming Problems,program-code,chapters/05-Dynamic-Programming.qmd,1830-1842,YES,258,258,YES,YES,YES,first and last source signatures,PASS
ch05-b043,5,Implementation Challenges,program-code,chapters/05-Dynamic-Programming.qmd,1848-1860,YES,259,259,YES,YES,YES,first and last source signatures,PASS
ch05-b044,5,Implementation Challenges,program-code,chapters/05-Dynamic-Programming.qmd,1864-1872,YES,259,259,YES,YES,YES,first and last source signatures,PASS
ch05-b045,5,Implementation Challenges,program-code,chapters/05-Dynamic-Programming.qmd,1876-1887,YES,259,259,YES,YES,YES,first and last source signatures,PASS
ch06-b001,6,The Implementation,program-code,chapters/06-Randomized-Algorithms.qmd,232-253,YES,31,267,YES,YES,YES,first and last source signatures,PASS
ch06-b002,6,How Miller-Rabin Works (Intuitive Explanation),program-code,chapters/06-Randomized-Algorithms.qmd,312-367,YES,268,269,YES,YES,YES,first and last source signatures,PASS
ch06-b003,6,The Birthday Paradox: When Intuition Fails,program-code,chapters/06-Randomized-Algorithms.qmd,417-451,YES,270,271,YES,YES,YES,first and last source signatures,PASS
ch06-b004,6,Amplification: Making Algorithms More Reliable,program-code,chapters/06-Randomized-Algorithms.qmd,470-499,YES,271,271,YES,YES,YES,first and last source signatures,PASS
ch06-b005,6,The Implementation,program-code,chapters/06-Randomized-Algorithms.qmd,560-597,YES,31,273,YES,YES,YES,first and last source signatures,PASS
ch06-b006,6,The Carter-Wegman Construction,inline-example,chapters/06-Randomized-Algorithms.qmd,664-666,YES,275,275,YES,YES,YES,first and last source signatures,PASS
ch06-b007,6,The Carter-Wegman Construction,program-code,chapters/06-Randomized-Algorithms.qmd,676-777,YES,31,277,YES,YES,YES,first and last source signatures,PASS
ch06-b008,6,Understanding Bloom Filter Parameters,program-code,chapters/06-Randomized-Algorithms.qmd,827-963,YES,31,280,YES,YES,YES,first and last source signatures,PASS
ch06-b009,6,Why It Works (Intuitive Explanation),program-code,chapters/06-Randomized-Algorithms.qmd,1012-1100,YES,31,282,YES,YES,YES,first and last source signatures,PASS
ch06-b010,6,The Solution: Count-Min Sketch,program-code,chapters/06-Randomized-Algorithms.qmd,1122-1220,YES,283,285,YES,YES,YES,first and last source signatures,PASS
ch06-b011,6,Expected Value: The Average Case,algorithm,chapters/06-Randomized-Algorithms.qmd,1261-1267,YES,286,286,YES,YES,YES,first and last source signatures,PASS
ch06-b012,6,Chernoff Bounds: Much Stronger Guarantees,program-code,chapters/06-Randomized-Algorithms.qmd,1310-1426,YES,31,288,YES,YES,YES,first and last source signatures,PASS
ch06-b013,6,The Elegant Randomized Solution,program-code,chapters/06-Randomized-Algorithms.qmd,1462-1594,YES,31,291,YES,YES,YES,first and last source signatures,PASS
ch06-b014,6,Estimating π with Random Points,program-code,chapters/06-Randomized-Algorithms.qmd,1618-1675,YES,31,293,YES,YES,YES,first and last source signatures,PASS
ch06-b015,6,The Problem,program-code,chapters/06-Randomized-Algorithms.qmd,1699-1752,YES,294,294,YES,YES,YES,first and last source signatures,PASS
ch06-b016,6,A/B Testing with Statistical Significance,program-code,chapters/06-Randomized-Algorithms.qmd,1758-1858,YES,295,296,YES,YES,YES,first and last source signatures,PASS
ch07-b001,7,Boolean Satisfiability (SAT),technical-other,chapters/07-Computational-Complexity.qmd,286-298,YES,306,306,YES,YES,YES,first and last source signatures,PASS
ch07-b002,7,The Knapsack Problem (Decision Version),technical-other,chapters/07-Computational-Complexity.qmd,338-349,YES,307,307,YES,YES,YES,first and last source signatures,PASS
ch07-b003,7,3-SAT: The Special Case,inline-example,chapters/07-Computational-Complexity.qmd,377-381,YES,307,307,YES,YES,YES,first and last source signatures,PASS
ch07-b004,7,The Clique Problem,technical-other,chapters/07-Computational-Complexity.qmd,395-400,YES,307,307,YES,YES,YES,first and last source signatures,PASS
ch07-b005,7,Step 1: Show Vertex Cover is in NP,program-code,chapters/07-Computational-Complexity.qmd,425-437,YES,308,308,YES,YES,YES,first and last source signatures,PASS
ch07-b006,7,Step 3: Construct the Reduction,text-diagram,chapters/07-Computational-Complexity.qmd,450-458,YES,309,309,YES,YES,YES,first and last source signatures,PASS
ch07-b007,7,Step 3: Construct the Reduction,inline-example,chapters/07-Computational-Complexity.qmd,461-465,YES,309,309,YES,YES,YES,first and last source signatures,PASS
ch07-b008,7,Example: 2-Approximation for Vertex Cover,program-code,chapters/07-Computational-Complexity.qmd,498-520,YES,310,325,YES,YES,YES,first and last source signatures,PASS
ch07-b009,7,Example: SAT Solvers,program-code,chapters/07-Computational-Complexity.qmd,555-590,YES,311,311,YES,YES,YES,first and last source signatures,PASS
ch07-b010,7,Strategy 5: Randomization,program-code,chapters/07-Computational-Complexity.qmd,600-623,YES,312,312,YES,YES,YES,first and last source signatures,PASS
ch07-b011,7,The Complexity Hierarchy,text-diagram,chapters/07-Computational-Complexity.qmd,728-744,YES,314,314,YES,YES,YES,first and last source signatures,PASS
ch07-b012,7,Implementation Exercises,program-code,chapters/07-Computational-Complexity.qmd,847-868,YES,316,316,YES,YES,YES,first and last source signatures,PASS
ch07-b013,7,Implementation Exercises,program-code,chapters/07-Computational-Complexity.qmd,873-891,YES,316,336,YES,YES,YES,first and last source signatures,PASS
ch07-b014,7,Implementation Exercises,program-code,chapters/07-Computational-Complexity.qmd,896-904,YES,317,317,YES,YES,YES,first and last source signatures,PASS
ch08-b001,8,The Lemonade Stand Location Problem,program-code,chapters/08-Approximation-Algorithms.qmd,80-110,YES,322,322,YES,YES,YES,first and last source signatures,PASS
ch08-b002,8,The Naive Approach,program-code,chapters/08-Approximation-Algorithms.qmd,202-221,YES,325,325,YES,YES,YES,first and last source signatures,PASS
ch08-b003,8,The Greedy 2-Approximation,program-code,chapters/08-Approximation-Algorithms.qmd,229-270,YES,310,326,YES,YES,YES,first and last source signatures,PASS
ch08-b004,8,Why This is a 2-Approximation,technical-other,chapters/08-Approximation-Algorithms.qmd,289-294,YES,326,326,YES,YES,YES,first and last source signatures,PASS
ch08-b005,8,An Improved Algorithm: Maximum Matching,program-code,chapters/08-Approximation-Algorithms.qmd,298-317,YES,327,327,YES,YES,YES,first and last source signatures,PASS
ch08-b006,8,Can We Do Better Than 2?,program-code,chapters/08-Approximation-Algorithms.qmd,325-357,YES,327,328,YES,YES,YES,first and last source signatures,PASS
ch08-b007,8,The 2-Approximation Algorithm,program-code,chapters/08-Approximation-Algorithms.qmd,378-461,YES,328,330,YES,YES,YES,first and last source signatures,PASS
ch08-b008,8,Christofides Algorithm: 1.5-Approximation,program-code,chapters/08-Approximation-Algorithms.qmd,487-592,YES,330,332,YES,YES,YES,first and last source signatures,PASS
ch08-b009,8,The Greedy Algorithm,program-code,chapters/08-Approximation-Algorithms.qmd,616-663,YES,316,334,YES,YES,YES,first and last source signatures,PASS
ch08-b010,8,The Weighted Version,program-code,chapters/08-Approximation-Algorithms.qmd,685-724,YES,334,335,YES,YES,YES,first and last source signatures,PASS
ch08-b011,8,MAX-CUT: A Simple Randomized Algorithm,program-code,chapters/08-Approximation-Algorithms.qmd,751-821,YES,31,337,YES,YES,YES,first and last source signatures,PASS
ch08-b012,8,MAX-SAT: Randomized Rounding,program-code,chapters/08-Approximation-Algorithms.qmd,833-889,YES,337,338,YES,YES,YES,first and last source signatures,PASS
ch08-b013,8,The Method of Conditional Expectations,program-code,chapters/08-Approximation-Algorithms.qmd,900-938,YES,338,339,YES,YES,YES,first and last source signatures,PASS
ch08-b014,8,Vertex Cover via LP Relaxation,program-code,chapters/08-Approximation-Algorithms.qmd,950-1010,YES,339,340,YES,YES,YES,first and last source signatures,PASS
ch08-b015,8,Set Cover via LP Relaxation,program-code,chapters/08-Approximation-Algorithms.qmd,1014-1059,YES,51,341,YES,YES,YES,first and last source signatures,PASS
ch08-b016,8,The Integrality Gap,technical-other,chapters/08-Approximation-Algorithms.qmd,1065-1067,YES,341,341,YES,YES,YES,first and last source signatures,PASS
ch08-b017,8,Knapsack: A Classic FPTAS,program-code,chapters/08-Approximation-Algorithms.qmd,1086-1152,YES,342,343,YES,YES,YES,first and last source signatures,PASS
ch08-b018,8,Euclidean TSP: A PTAS,program-code,chapters/08-Approximation-Algorithms.qmd,1163-1208,YES,343,344,YES,YES,YES,first and last source signatures,PASS
ch08-b019,8,Inapproximability Results,program-code,chapters/08-Approximation-Algorithms.qmd,1232-1281,YES,345,346,YES,YES,YES,first and last source signatures,PASS
ch08-b020,8,The PCP Theorem,program-code,chapters/08-Approximation-Algorithms.qmd,1287-1310,YES,346,346,YES,YES,YES,first and last source signatures,PASS
ch08-b021,8,APX-Completeness,program-code,chapters/08-Approximation-Algorithms.qmd,1316-1347,YES,346,347,YES,YES,YES,first and last source signatures,PASS
ch08-b022,8,A Complete Approximation Algorithm Toolkit,program-code,chapters/08-Approximation-Algorithms.qmd,1355-1448,YES,347,349,YES,YES,YES,first and last source signatures,PASS
ch08-b023,8,Implementation Problems,program-code,chapters/08-Approximation-Algorithms.qmd,1482-1501,YES,350,350,YES,YES,YES,first and last source signatures,PASS
ch08-b024,8,Implementation Problems,program-code,chapters/08-Approximation-Algorithms.qmd,1504-1519,YES,350,350,YES,YES,YES,first and last source signatures,PASS
ch09-b001,9,The Basic Idea,algorithm,chapters/09-Advanced-Graph-Algorithms.qmd,162-171,YES,360,360,YES,YES,YES,first and last source signatures,PASS
ch09-b002,9,Edmonds-Karp: Breadth-First Augmenting Paths,program-code,chapters/09-Advanced-Graph-Algorithms.qmd,238-423,YES,361,364,YES,YES,YES,first and last source signatures,PASS
ch09-b003,9,The Algorithm,algorithm,chapters/09-Advanced-Graph-Algorithms.qmd,467-486,YES,366,366,YES,YES,YES,first and last source signatures,PASS
ch09-b004,9,The Algorithm,technical-other,chapters/09-Advanced-Graph-Algorithms.qmd,489-494,YES,366,366,YES,YES,YES,first and last source signatures,PASS
ch09-b005,9,The Algorithm,inline-example,chapters/09-Advanced-Graph-Algorithms.qmd,497-499,YES,366,366,YES,YES,YES,first and last source signatures,PASS
ch09-b006,9,Why Does This Work?,program-code,chapters/09-Advanced-Graph-Algorithms.qmd,516-653,YES,51,369,YES,YES,YES,first and last source signatures,PASS
ch09-b007,9,Implementation,program-code,chapters/09-Advanced-Graph-Algorithms.qmd,712-817,YES,370,372,YES,YES,YES,first and last source signatures,PASS
ch09-b008,9,Hall's Marriage Theorem,inline-example,chapters/09-Advanced-Graph-Algorithms.qmd,832-836,YES,372,372,NO,NO,YES,section anchor plus full contact-sheet visual sweep; signatures extraction-limited,PASS
ch09-b009,9,The Setup,inline-example,chapters/09-Advanced-Graph-Algorithms.qmd,865-867,YES,373,373,YES,YES,YES,first and last source signatures,PASS
ch09-b010,9,Successive Shortest Paths Algorithm,algorithm,chapters/09-Advanced-Graph-Algorithms.qmd,873-883,YES,373,373,YES,YES,YES,first and last source signatures,PASS
ch09-b011,9,Implementation,program-code,chapters/09-Advanced-Graph-Algorithms.qmd,893-1043,YES,51,376,YES,YES,YES,first and last source signatures,PASS
ch09-b012,9,Cycle-Canceling Algorithm,algorithm,chapters/09-Advanced-Graph-Algorithms.qmd,1049-1054,YES,377,377,YES,YES,YES,first and last source signatures,PASS
ch09-b013,9,Architecture,text-diagram,chapters/09-Advanced-Graph-Algorithms.qmd,1142-1160,YES,5,378,YES,YES,YES,first and last source signatures,PASS
ch09-b014,9,Core Network Class,program-code,chapters/09-Advanced-Graph-Algorithms.qmd,1164-1299,YES,378,381,YES,YES,YES,first and last source signatures,PASS
ch09-b015,9,Algorithm Interface,program-code,chapters/09-Advanced-Graph-Algorithms.qmd,1303-1331,YES,349,382,YES,YES,YES,first and last source signatures,PASS
ch09-b016,9,Application: Matching Solver,program-code,chapters/09-Advanced-Graph-Algorithms.qmd,1335-1452,YES,378,384,YES,YES,YES,first and last source signatures,PASS
ch09-b017,9,Visualization Module,program-code,chapters/09-Advanced-Graph-Algorithms.qmd,1456-1568,YES,378,386,YES,YES,YES,first and last source signatures,PASS
ch09-b018,9,Command-Line Interface,program-code,chapters/09-Advanced-Graph-Algorithms.qmd,1572-1657,YES,386,388,YES,YES,YES,first and last source signatures,PASS
ch09-b019,9,Testing Suite,program-code,chapters/09-Advanced-Graph-Algorithms.qmd,1661-1738,YES,388,389,YES,YES,YES,first and last source signatures,PASS
ch10-b001,10,The Setup,technical-other,chapters/10-String-Processing-Algorithms.qmd,42-50,YES,393,393,YES,YES,YES,first and last source signatures,PASS
ch10-b002,10,The Naive Approach,program-code,chapters/10-String-Processing-Algorithms.qmd,56-80,YES,394,404,YES,YES,YES,first and last source signatures,PASS
ch10-b003,10,The Naive Approach,program-code,chapters/10-String-Processing-Algorithms.qmd,88-95,YES,394,394,YES,YES,YES,first and last source signatures,PASS
ch10-b004,10,The Big Idea,technical-other,chapters/10-String-Processing-Algorithms.qmd,115-132,YES,393,395,YES,YES,YES,first and last source signatures,PASS
ch10-b005,10,The Failure Function (Longest Proper Prefix-Suffix),technical-other,chapters/10-String-Processing-Algorithms.qmd,146-156,YES,395,395,YES,YES,YES,first and last source signatures,PASS
ch10-b006,10,The Failure Function (Longest Proper Prefix-Suffix),technical-other,chapters/10-String-Processing-Algorithms.qmd,160-171,YES,395,396,YES,YES,YES,first and last source signatures,PASS
ch10-b007,10,Computing the Failure Function,program-code,chapters/10-String-Processing-Algorithms.qmd,177-210,YES,396,400,YES,YES,YES,first and last source signatures,PASS
ch10-b008,10,Computing the Failure Function,technical-other,chapters/10-String-Processing-Algorithms.qmd,214-237,YES,397,397,YES,YES,YES,first and last source signatures,PASS
ch10-b009,10,The KMP Search Algorithm,program-code,chapters/10-String-Processing-Algorithms.qmd,245-287,YES,397,404,YES,YES,YES,first and last source signatures,PASS
ch10-b010,10,Complete KMP Example Trace,technical-other,chapters/10-String-Processing-Algorithms.qmd,293-336,YES,398,413,YES,YES,YES,first and last source signatures,PASS
ch10-b011,10,Full Implementation with Examples,program-code,chapters/10-String-Processing-Algorithms.qmd,345-526,YES,399,402,YES,YES,YES,first and last source signatures,PASS
ch10-b012,10,Rolling Hash Function,algorithm,chapters/10-String-Processing-Algorithms.qmd,549-555,YES,403,403,YES,YES,YES,first and last source signatures,PASS
ch10-b013,10,Rolling Hash Function,technical-other,chapters/10-String-Processing-Algorithms.qmd,558-564,YES,403,403,YES,YES,YES,first and last source signatures,PASS
ch10-b014,10,Rolling Hash Function,inline-example,chapters/10-String-Processing-Algorithms.qmd,567-569,YES,403,403,YES,YES,YES,first and last source signatures,PASS
ch10-b015,10,Dealing with Large Numbers,inline-example,chapters/10-String-Processing-Algorithms.qmd,575-577,YES,403,403,YES,YES,YES,first and last source signatures,PASS
ch10-b016,10,Implementation,program-code,chapters/10-String-Processing-Algorithms.qmd,585-818,YES,403,407,YES,YES,YES,first and last source signatures,PASS
ch10-b017,10,What's a Suffix?,technical-other,chapters/10-String-Processing-Algorithms.qmd,845-855,YES,408,408,YES,YES,YES,first and last source signatures,PASS
ch10-b018,10,Building a Suffix Array (Naive),program-code,chapters/10-String-Processing-Algorithms.qmd,875-893,YES,409,410,YES,YES,YES,first and last source signatures,PASS
ch10-b019,10,Building a Suffix Array Efficiently,program-code,chapters/10-String-Processing-Algorithms.qmd,903-1146,YES,409,424,YES,YES,YES,first and last source signatures,PASS
ch10-b020,10,Applications of Suffix Arrays,program-code,chapters/10-String-Processing-Algorithms.qmd,1151-1157,YES,414,414,YES,YES,YES,first and last source signatures,PASS
ch10-b021,10,Applications of Suffix Arrays,program-code,chapters/10-String-Processing-Algorithms.qmd,1160-1180,YES,414,414,YES,YES,YES,first and last source signatures,PASS
ch10-b022,10,What's a Suffix Tree?,terminal,chapters/10-String-Processing-Algorithms.qmd,1196-1206,YES,408,408,NO,NO,YES,section anchor plus full contact-sheet visual sweep; signatures extraction-limited,PASS
ch10-b023,10,DNA Sequence Matching,program-code,chapters/10-String-Processing-Algorithms.qmd,1233-1255,YES,416,416,YES,YES,YES,first and last source signatures,PASS
ch10-b024,10,DNA Sequence Matching,program-code,chapters/10-String-Processing-Algorithms.qmd,1258-1267,YES,416,416,YES,YES,YES,first and last source signatures,PASS
ch10-b025,10,Read Alignment,program-code,chapters/10-String-Processing-Algorithms.qmd,1273-1304,YES,416,417,YES,YES,YES,first and last source signatures,PASS
ch10-b026,10,Detecting Tandem Repeats,program-code,chapters/10-String-Processing-Algorithms.qmd,1310-1340,YES,417,418,YES,YES,YES,first and last source signatures,PASS
ch10-b027,10,Project Structure,text-diagram,chapters/10-String-Processing-Algorithms.qmd,1348-1386,YES,5,427,YES,YES,YES,first and last source signatures,PASS
ch10-b028,10,Core Library Implementation,program-code,chapters/10-String-Processing-Algorithms.qmd,1390-1415,YES,418,430,YES,YES,YES,first and last source signatures,PASS
ch10-b029,10,Core Library Implementation,program-code,chapters/10-String-Processing-Algorithms.qmd,1417-1682,YES,419,424,YES,YES,YES,first and last source signatures,PASS
ch10-b030,10,Text Compression Application,program-code,chapters/10-String-Processing-Algorithms.qmd,1686-1850,YES,424,427,YES,YES,YES,first and last source signatures,PASS
ch10-b031,10,Command-Line Tool,program-code,chapters/10-String-Processing-Algorithms.qmd,1854-1997,YES,427,429,YES,YES,YES,first and last source signatures,PASS
ch11-b001,11,The Big Idea,data-example,chapters/11-Numerical-Algorithms.qmd,46-50,YES,434,434,YES,YES,YES,first and last source signatures,PASS
ch11-b002,11,The Mathematical Foundation,technical-other,chapters/11-Numerical-Algorithms.qmd,64-72,YES,435,435,YES,YES,YES,first and last source signatures,PASS
ch11-b003,11,The Naive DFT: O(N²),program-code,chapters/11-Numerical-Algorithms.qmd,82-99,YES,435,435,YES,YES,YES,first and last source signatures,PASS
ch11-b004,11,The Key Insight,algorithm,chapters/11-Numerical-Algorithms.qmd,113-125,YES,436,436,YES,YES,YES,first and last source signatures,PASS
ch11-b005,11,The Recursive Algorithm,algorithm,chapters/11-Numerical-Algorithms.qmd,138-141,YES,436,436,YES,YES,YES,first and last source signatures,PASS
ch11-b006,11,Implementation: Recursive FFT,program-code,chapters/11-Numerical-Algorithms.qmd,152-196,YES,51,437,YES,YES,YES,first and last source signatures,PASS
ch11-b007,11,Implementation: Recursive FFT,program-code,chapters/11-Numerical-Algorithms.qmd,200-228,YES,437,438,YES,YES,YES,first and last source signatures,PASS
ch11-b008,11,Iterative FFT (Cooley-Tukey),program-code,chapters/11-Numerical-Algorithms.qmd,234-287,YES,438,439,YES,YES,YES,first and last source signatures,PASS
ch11-b009,11,Iterative FFT (Cooley-Tukey),technical-other,chapters/11-Numerical-Algorithms.qmd,291-296,YES,439,439,YES,YES,YES,first and last source signatures,PASS
ch11-b010,11,Complete FFT Implementation,program-code,chapters/11-Numerical-Algorithms.qmd,302-543,YES,439,443,YES,YES,YES,first and last source signatures,PASS
ch11-b011,11,The Problem,inline-example,chapters/11-Numerical-Algorithms.qmd,550-553,YES,444,444,YES,YES,YES,first and last lines manually confirmed in page raster and PDF extraction,PASS
ch11-b012,11,The Problem,program-code,chapters/11-Numerical-Algorithms.qmd,559-574,YES,444,575,YES,YES,YES,first and last source signatures,PASS
ch11-b013,11,The Problem,technical-other,chapters/11-Numerical-Algorithms.qmd,577-584,YES,444,446,YES,YES,YES,first and last source signatures,PASS
ch11-b014,11,The FFT Trick,inline-example,chapters/11-Numerical-Algorithms.qmd,596-598,YES,445,445,YES,YES,YES,first and last source signatures,PASS
ch11-b015,11,Implementation,program-code,chapters/11-Numerical-Algorithms.qmd,608-703,YES,444,447,YES,YES,YES,first and last source signatures,PASS
ch11-b016,11,Application: Big Integer Multiplication,program-code,chapters/11-Numerical-Algorithms.qmd,709-762,YES,447,448,YES,YES,YES,first and last source signatures,PASS
ch11-b017,11,Matrix Multiplication: The Naive Way,program-code,chapters/11-Numerical-Algorithms.qmd,787-805,YES,448,453,YES,YES,YES,first and last source signatures,PASS
ch11-b018,11,Strassen's Algorithm: O(n^2.807),algorithm,chapters/11-Numerical-Algorithms.qmd,818-821,YES,122,449,YES,YES,YES,first and last source signatures,PASS
ch11-b019,11,Strassen's Algorithm: O(n^2.807),technical-other,chapters/11-Numerical-Algorithms.qmd,824-838,YES,136,136,NO,NO,YES,section anchor plus full contact-sheet visual sweep; signatures extraction-limited,PASS
ch11-b020,11,Strassen's Algorithm: O(n^2.807),program-code,chapters/11-Numerical-Algorithms.qmd,842-894,YES,449,450,YES,YES,YES,first and last source signatures,PASS
ch11-b021,11,Cache-Efficient Matrix Multiplication,program-code,chapters/11-Numerical-Algorithms.qmd,912-942,YES,450,451,YES,YES,YES,first and last source signatures,PASS
ch11-b022,11,Matrix Operations Library,program-code,chapters/11-Numerical-Algorithms.qmd,953-1176,YES,451,455,YES,YES,YES,first and last source signatures,PASS
ch11-b023,11,The Floating-Point Problem,program-code,chapters/11-Numerical-Algorithms.qmd,1184-1210,YES,455,456,YES,YES,YES,first and last source signatures,PASS
ch11-b024,11,Condition Numbers,inline-example,chapters/11-Numerical-Algorithms.qmd,1217-1222,YES,456,456,YES,YES,YES,first and last source signatures,PASS
ch11-b025,11,Condition Numbers,program-code,chapters/11-Numerical-Algorithms.qmd,1224-1270,YES,456,457,YES,YES,YES,first and last source signatures,PASS
ch11-b026,11,Numerically Stable Algorithms,program-code,chapters/11-Numerical-Algorithms.qmd,1276-1330,YES,457,458,YES,YES,YES,first and last source signatures,PASS
ch11-b027,11,Best Practices for Numerical Computing,program-code,chapters/11-Numerical-Algorithms.qmd,1334-1441,YES,458,460,YES,YES,YES,first and last source signatures,PASS
ch11-b028,11,Audio Processing,program-code,chapters/11-Numerical-Algorithms.qmd,1447-1686,YES,460,464,YES,YES,YES,first and last source signatures,PASS
ch11-b029,11,Image Processing with FFT,program-code,chapters/11-Numerical-Algorithms.qmd,1690-1831,YES,465,467,YES,YES,YES,first and last source signatures,PASS
ch11-b030,11,Project Structure,text-diagram,chapters/11-Numerical-Algorithms.qmd,1839-1865,YES,467,468,YES,YES,YES,first and last source signatures,PASS
ch11-b031,11,Core FFT Module,program-code,chapters/11-Numerical-Algorithms.qmd,1869-1902,YES,467,469,YES,YES,YES,first and last source signatures,PASS
ch11-b032,11,Signal Generator Module,program-code,chapters/11-Numerical-Algorithms.qmd,1906-2122,YES,469,472,YES,YES,YES,first and last source signatures,PASS
ch11-b033,11,Complete Audio Processor Application,program-code,chapters/11-Numerical-Algorithms.qmd,2126-2357,YES,473,477,YES,YES,YES,first and last source signatures,PASS
ch11-b034,11,Command-Line Interface,program-code,chapters/11-Numerical-Algorithms.qmd,2361-2417,YES,468,478,YES,YES,YES,first and last source signatures,PASS
ch12-b001,12,Building a Segment Tree,program-code,chapters/12-Advanced-Data-Structures.qmd,74-212,YES,482,485,YES,YES,YES,first and last source signatures,PASS
ch12-b002,12,Step-by-Step Example,program-code,chapters/12-Advanced-Data-Structures.qmd,218-259,YES,485,485,YES,YES,YES,first and last source signatures,PASS
ch12-b003,12,Lazy Propagation: Range Updates,program-code,chapters/12-Advanced-Data-Structures.qmd,271-422,YES,486,488,YES,YES,YES,first and last source signatures,PASS
ch12-b004,12,Applications and Variants,program-code,chapters/12-Advanced-Data-Structures.qmd,433-498,YES,489,490,YES,YES,YES,first and last source signatures,PASS
ch12-b005,12,The Brilliant Idea,technical-other,chapters/12-Advanced-Data-Structures.qmd,520-529,YES,490,490,YES,YES,YES,first and last source signatures,PASS
ch12-b006,12,Implementation,program-code,chapters/12-Advanced-Data-Structures.qmd,551-714,YES,491,494,YES,YES,YES,first and last source signatures,PASS
ch12-b007,12,The Magic of Bit Manipulation,program-code,chapters/12-Advanced-Data-Structures.qmd,720-771,YES,494,495,YES,YES,YES,first and last source signatures,PASS
ch12-b008,12,2D Fenwick Tree,program-code,chapters/12-Advanced-Data-Structures.qmd,777-885,YES,491,497,YES,YES,YES,first and last source signatures,PASS
ch12-b009,12,Fenwick Tree vs Segment Tree,program-code,chapters/12-Advanced-Data-Structures.qmd,889-970,YES,497,498,YES,YES,YES,first and last source signatures,PASS
ch12-b010,12,Persistent Array,program-code,chapters/12-Advanced-Data-Structures.qmd,986-1149,YES,499,502,YES,YES,YES,first and last source signatures,PASS
ch12-b011,12,Persistent Segment Tree,program-code,chapters/12-Advanced-Data-Structures.qmd,1153-1310,YES,502,505,YES,YES,YES,first and last source signatures,PASS
ch12-b012,12,Applications of Persistence,program-code,chapters/12-Advanced-Data-Structures.qmd,1314-1402,YES,505,506,YES,YES,YES,first and last source signatures,PASS
ch12-b013,12,Succinct Bit Vector,program-code,chapters/12-Advanced-Data-Structures.qmd,1419-1586,YES,507,510,YES,YES,YES,first and last source signatures,PASS
ch12-b014,12,Wavelet Tree,program-code,chapters/12-Advanced-Data-Structures.qmd,1597-1729,YES,510,512,YES,YES,YES,first and last source signatures,PASS
ch12-b015,12,Applications of Succinct Structures,program-code,chapters/12-Advanced-Data-Structures.qmd,1733-1840,YES,512,514,YES,YES,YES,first and last source signatures,PASS
ch12-b016,12,Cache-Oblivious Matrix Transpose,program-code,chapters/12-Advanced-Data-Structures.qmd,1854-2026,YES,51,518,YES,YES,YES,first and last source signatures,PASS
ch12-b017,12,Van Emde Boas Layout,program-code,chapters/12-Advanced-Data-Structures.qmd,2030-2100,YES,518,519,YES,YES,YES,first and last source signatures,PASS
ch12-b018,12,Project Structure,text-diagram,chapters/12-Advanced-Data-Structures.qmd,2108-2133,YES,3,604,YES,YES,YES,first and last source signatures,PASS
ch12-b019,12,Unified Interface,program-code,chapters/12-Advanced-Data-Structures.qmd,2137-2181,YES,3,527,YES,YES,YES,first and last source signatures,PASS
ch12-b020,12,Range Query Solver Application,program-code,chapters/12-Advanced-Data-Structures.qmd,2185-2314,YES,521,523,YES,YES,YES,first and last source signatures,PASS
ch12-b021,12,Comprehensive Benchmarking Suite,program-code,chapters/12-Advanced-Data-Structures.qmd,2318-2440,YES,523,526,YES,YES,YES,first and last source signatures,PASS
ch13-b001,13,Smoothed Analysis,program-code,chapters/13-Research-Industry-Applications.qmd,43-104,YES,31,531,YES,YES,YES,first and last source signatures,PASS
ch13-b002,13,Learned Index Structures,inline-example,chapters/13-Research-Industry-Applications.qmd,212-216,YES,534,534,YES,YES,YES,first and last source signatures,PASS
ch13-b003,13,Differential Privacy,technical-other,chapters/13-Research-Industry-Applications.qmd,284-291,YES,535,535,YES,YES,YES,first and last source signatures,PASS
ch13-b004,13,The Algorithms,algorithm,chapters/13-Research-Industry-Applications.qmd,300-303,YES,536,536,YES,YES,YES,first and last source signatures,PASS
ch13-b005,13,The Algorithms,inline-example,chapters/13-Research-Industry-Applications.qmd,306-309,YES,536,536,YES,YES,YES,first and last source signatures,PASS
ch13-b006,13,Backpropagation: The Learning Algorithm,inline-example,chapters/13-Research-Industry-Applications.qmd,417-419,YES,538,538,NO,NO,YES,section anchor plus full contact-sheet visual sweep; signatures extraction-limited,PASS
ch13-b007,13,Backpropagation: The Learning Algorithm,program-output,chapters/13-Research-Industry-Applications.qmd,427-433,YES,538,538,NO,NO,YES,section anchor plus full contact-sheet visual sweep; signatures extraction-limited,PASS
ch13-b008,13,Backpropagation: The Learning Algorithm,technical-other,chapters/13-Research-Industry-Applications.qmd,436-441,YES,539,539,YES,YES,YES,first and last source signatures,PASS
ch13-b009,13,Stochastic Gradient Descent: The Optimization Workhorse,algorithm,chapters/13-Research-Industry-Applications.qmd,458-462,YES,539,539,YES,YES,YES,first and last source signatures,PASS
ch13-b010,13,Modern Optimizers,algorithm,chapters/13-Research-Industry-Applications.qmd,474-477,YES,540,540,YES,YES,YES,first and last source signatures,PASS
ch13-b011,13,Modern Optimizers,algorithm,chapters/13-Research-Industry-Applications.qmd,481-486,YES,540,540,YES,YES,YES,first and last source signatures,PASS
ch13-b012,13,The Self-Attention Mechanism,inline-example,chapters/13-Research-Industry-Applications.qmd,510-514,YES,540,540,YES,YES,YES,first and last source signatures,PASS
ch13-b013,13,The Self-Attention Mechanism,inline-example,chapters/13-Research-Industry-Applications.qmd,517-519,YES,541,541,YES,YES,YES,first and last source signatures,PASS
ch13-b014,13,The Self-Attention Mechanism,inline-example,chapters/13-Research-Industry-Applications.qmd,522-524,YES,541,541,YES,YES,YES,first and last source signatures,PASS
ch13-b015,13,The Self-Attention Mechanism,program-output,chapters/13-Research-Industry-Applications.qmd,527-529,YES,540,540,NO,NO,YES,section anchor plus full contact-sheet visual sweep; signatures extraction-limited,PASS
ch13-b016,13,Multi-Head Attention,technical-other,chapters/13-Research-Industry-Applications.qmd,540-545,YES,541,541,YES,YES,YES,first and last source signatures,PASS
ch13-b017,13,Positional Encoding,inline-example,chapters/13-Research-Industry-Applications.qmd,556-559,YES,541,541,YES,YES,YES,first and last source signatures,PASS
ch13-b018,13,The Full Transformer Architecture,technical-other,chapters/13-Research-Industry-Applications.qmd,566-573,YES,542,542,YES,YES,YES,first and last source signatures,PASS
ch13-b019,13,The Full Transformer Architecture,inline-example,chapters/13-Research-Industry-Applications.qmd,576-579,YES,542,542,YES,YES,YES,first and last source signatures,PASS
ch13-b020,13,The Full Transformer Architecture,inline-example,chapters/13-Research-Industry-Applications.qmd,582-585,YES,542,542,YES,YES,YES,first and last source signatures,PASS
ch13-b021,13,The RL Framework,inline-example,chapters/13-Research-Industry-Applications.qmd,636-640,YES,543,543,YES,YES,YES,first and last source signatures,PASS
ch13-b022,13,Q-Learning: The Classic Algorithm,algorithm,chapters/13-Research-Industry-Applications.qmd,649-656,YES,543,543,YES,YES,YES,first and last source signatures,PASS
ch13-b023,13,Deep Q-Networks (DQN),inline-example,chapters/13-Research-Industry-Applications.qmd,669-671,YES,543,543,NO,NO,YES,section anchor plus full contact-sheet visual sweep; signatures extraction-limited,PASS
ch13-b024,13,Deep Q-Networks (DQN),inline-example,chapters/13-Research-Industry-Applications.qmd,674-677,YES,544,544,YES,YES,YES,first and last source signatures,PASS
ch13-b025,13,Policy Gradient Methods,inline-example,chapters/13-Research-Industry-Applications.qmd,696-699,YES,544,544,YES,YES,YES,first and last source signatures,PASS
ch13-b026,13,Policy Gradient Methods,inline-example,chapters/13-Research-Industry-Applications.qmd,704-708,YES,544,544,YES,YES,YES,first and last source signatures,PASS
ch13-b027,13,Proximal Policy Optimization (PPO),technical-other,chapters/13-Research-Industry-Applications.qmd,719-724,YES,544,544,YES,YES,YES,first and last source signatures,PASS
ch13-b028,13,AlphaGo: Putting It All Together,inline-example,chapters/13-Research-Industry-Applications.qmd,738-741,YES,545,545,YES,YES,YES,first and last source signatures,PASS
ch13-b029,13,AlphaGo: Putting It All Together,inline-example,chapters/13-Research-Industry-Applications.qmd,744-747,YES,545,545,YES,YES,YES,first and last source signatures,PASS
ch13-b030,13,AlphaGo: Putting It All Together,technical-other,chapters/13-Research-Industry-Applications.qmd,750-755,YES,545,545,YES,YES,YES,first and last source signatures,PASS
ch13-b031,13,The MapReduce Paradigm,technical-other,chapters/13-Research-Industry-Applications.qmd,791-808,YES,546,546,YES,YES,YES,first and last source signatures,PASS
ch13-b032,13,MapReduce Algorithms,algorithm,chapters/13-Research-Industry-Applications.qmd,833-837,YES,546,546,YES,YES,YES,first and last source signatures,PASS
ch13-b033,13,MapReduce Algorithms,inline-example,chapters/13-Research-Industry-Applications.qmd,840-843,YES,546,546,YES,YES,YES,first and last source signatures,PASS
ch13-b034,13,MapReduce Algorithms,inline-example,chapters/13-Research-Industry-Applications.qmd,846-849,YES,547,547,YES,YES,YES,first and last source signatures,PASS
ch13-b035,13,MapReduce Algorithms,inline-example,chapters/13-Research-Industry-Applications.qmd,852-857,YES,547,547,YES,YES,YES,first and last source signatures,PASS
ch13-b036,13,Count-Min Sketch,algorithm,chapters/13-Research-Industry-Applications.qmd,893-903,YES,548,548,YES,YES,YES,first and last source signatures,PASS
ch13-b037,13,HyperLogLog,technical-other,chapters/13-Research-Industry-Applications.qmd,924-935,YES,548,548,YES,YES,YES,first and last source signatures,PASS
ch13-b038,13,Bloom Filters,algorithm,chapters/13-Research-Industry-Applications.qmd,950-963,YES,549,549,YES,YES,YES,first and last source signatures,PASS
ch13-b039,13,Pregel: Thinking Like a Vertex,technical-other,chapters/13-Research-Industry-Applications.qmd,988-1000,YES,549,549,YES,YES,YES,first and last source signatures,PASS
ch13-b040,13,Pregel: Thinking Like a Vertex,algorithm,chapters/13-Research-Industry-Applications.qmd,1003-1013,YES,549,550,YES,YES,YES,first and last source signatures,PASS
ch13-b041,13,RSA and Its Security Assumption,technical-other,chapters/13-Research-Industry-Applications.qmd,1065-1074,YES,551,551,YES,YES,YES,first and last source signatures,PASS
ch13-b042,13,RSA and Its Security Assumption,inline-example,chapters/13-Research-Industry-Applications.qmd,1081-1085,YES,551,551,YES,YES,YES,first and last source signatures,PASS
ch13-b043,13,Bitcoin's Proof-of-Work,algorithm,chapters/13-Research-Industry-Applications.qmd,1123-1136,YES,552,552,YES,YES,YES,first and last source signatures,PASS
ch13-b044,13,Alternative Consensus: Proof-of-Stake,algorithm,chapters/13-Research-Industry-Applications.qmd,1160-1165,YES,553,553,YES,YES,YES,first and last source signatures,PASS
ch13-b045,13,Interactive Zero-Knowledge,algorithm,chapters/13-Research-Industry-Applications.qmd,1193-1206,YES,554,554,YES,YES,YES,first and last source signatures,PASS
ch13-b046,13,Non-Interactive Zero-Knowledge (SNARKs),technical-other,chapters/13-Research-Industry-Applications.qmd,1224-1229,YES,554,554,YES,YES,YES,first and last source signatures,PASS
ch13-b047,13,Analysis Template,configuration,chapters/13-Research-Industry-Applications.qmd,1617-1690,YES,6,562,YES,YES,YES,first and last source signatures,PASS
ch14-b001,14,The Adapter Pattern,program-code,chapters/14-Project-Development.qmd,67-83,YES,568,568,YES,YES,YES,first and last source signatures,PASS
ch14-b002,14,The Facade Pattern,program-code,chapters/14-Project-Development.qmd,94-123,YES,568,569,YES,YES,YES,first and last source signatures,PASS
ch14-b003,14,The Builder Pattern,program-code,chapters/14-Project-Development.qmd,134-169,YES,569,570,YES,YES,YES,first and last source signatures,PASS
ch14-b004,14,Dependency Management,technical-other,chapters/14-Project-Development.qmd,180-188,YES,570,570,YES,YES,YES,first and last source signatures,PASS
ch14-b005,14,Dependency Management,program-code,chapters/14-Project-Development.qmd,195-199,YES,570,570,YES,YES,YES,first and last source signatures,PASS
ch14-b006,14,Dependency Management,program-code,chapters/14-Project-Development.qmd,202-206,YES,570,570,YES,YES,YES,first and last source signatures,PASS
ch14-b007,14,Dependency Management,configuration,chapters/14-Project-Development.qmd,213-227,YES,431,571,YES,YES,YES,first and last source signatures,PASS
ch14-b008,14,Integration Testing,program-code,chapters/14-Project-Development.qmd,236-265,YES,571,572,YES,YES,YES,first and last source signatures,PASS
ch14-b009,14,Python's cProfile,program-code,chapters/14-Project-Development.qmd,319-337,YES,573,573,YES,YES,YES,first and last source signatures,PASS
ch14-b010,14,Line-by-Line Profiling,program-code,chapters/14-Project-Development.qmd,351-363,YES,574,574,YES,YES,YES,first and last source signatures,PASS
ch14-b011,14,Memory Profiling,program-code,chapters/14-Project-Development.qmd,369-376,YES,574,574,YES,YES,YES,first and last source signatures,PASS
ch14-b012,14,1. Avoid Redundant Work,program-code,chapters/14-Project-Development.qmd,388-395,YES,574,574,YES,YES,YES,first and last source signatures,PASS
ch14-b013,14,1. Avoid Redundant Work,program-code,chapters/14-Project-Development.qmd,398-404,YES,574,574,YES,YES,YES,first and last source signatures,PASS
ch14-b014,14,2. Use Appropriate Data Structures,program-code,chapters/14-Project-Development.qmd,409-413,YES,575,575,YES,YES,YES,first and last source signatures,PASS
ch14-b015,14,2. Use Appropriate Data Structures,program-code,chapters/14-Project-Development.qmd,416-420,YES,575,575,YES,YES,YES,first and last source signatures,PASS
ch14-b016,14,3. Vectorize with NumPy,program-code,chapters/14-Project-Development.qmd,427-431,YES,45,575,YES,YES,YES,first and last source signatures,PASS
ch14-b017,14,3. Vectorize with NumPy,program-code,chapters/14-Project-Development.qmd,434-436,YES,575,575,YES,YES,YES,first and last source signatures,PASS
ch14-b018,14,4. Cache Expensive Computations,program-code,chapters/14-Project-Development.qmd,444-451,YES,575,575,YES,YES,YES,first and last source signatures,PASS
ch14-b019,14,5. Use Generators for Large Data,program-code,chapters/14-Project-Development.qmd,460-466,YES,576,576,YES,YES,YES,first and last source signatures,PASS
ch14-b020,14,5. Use Generators for Large Data,program-code,chapters/14-Project-Development.qmd,469-477,YES,576,576,YES,YES,YES,first and last source signatures,PASS
ch14-b021,14,6. Parallelize Independent Work,program-code,chapters/14-Project-Development.qmd,481-494,YES,576,576,YES,YES,YES,first and last source signatures,PASS
ch14-b022,14,The Documentation Pyramid,program-code,chapters/14-Project-Development.qmd,537-553,YES,577,577,YES,YES,YES,first and last source signatures,PASS
ch14-b023,14,The Documentation Pyramid,program-code,chapters/14-Project-Development.qmd,556-579,YES,577,578,YES,YES,YES,first and last source signatures,PASS
ch14-b024,14,The Documentation Pyramid,configuration,chapters/14-Project-Development.qmd,582-621,YES,3,579,YES,YES,YES,first and last source signatures,PASS
ch14-b025,14,The Documentation Pyramid,configuration,chapters/14-Project-Development.qmd,624-651,YES,579,579,YES,YES,YES,first and last source signatures,PASS
ch14-b026,14,The Documentation Pyramid,configuration,chapters/14-Project-Development.qmd,654-692,YES,485,580,YES,YES,YES,first and last source signatures,PASS
ch14-b027,14,Documentation Best Practices,program-code,chapters/14-Project-Development.qmd,709-720,YES,581,581,YES,YES,YES,first and last source signatures,PASS
ch14-b028,14,Documentation Best Practices,program-code,chapters/14-Project-Development.qmd,733-749,YES,581,581,YES,YES,YES,first and last source signatures,PASS
ch14-b029,14,README Template,configuration,chapters/14-Project-Development.qmd,755-843,YES,581,583,YES,YES,YES,first and last source signatures,PASS
ch14-b030,14,Writing Good Tests,program-code,chapters/14-Project-Development.qmd,869-886,YES,584,584,YES,YES,YES,first and last source signatures,PASS
ch14-b031,14,Writing Good Tests,program-code,chapters/14-Project-Development.qmd,889-900,YES,584,584,YES,YES,YES,first and last source signatures,PASS
ch14-b032,14,Writing Good Tests,program-code,chapters/14-Project-Development.qmd,903-914,YES,584,584,YES,YES,YES,first and last source signatures,PASS
ch14-b033,14,Writing Good Tests,program-code,chapters/14-Project-Development.qmd,917-927,YES,585,585,YES,YES,YES,first and last source signatures,PASS
ch14-b034,14,Writing Good Tests,program-code,chapters/14-Project-Development.qmd,930-942,YES,585,585,YES,YES,YES,first and last source signatures,PASS
ch14-b035,14,Test-Driven Development (TDD),program-code,chapters/14-Project-Development.qmd,952-969,YES,585,585,YES,YES,YES,first and last source signatures,PASS
ch14-b036,14,Code Review Best Practices,technical-other,chapters/14-Project-Development.qmd,987-993,YES,586,586,YES,YES,YES,first and last source signatures,PASS
ch14-b037,14,Code Review Best Practices,technical-other,chapters/14-Project-Development.qmd,1008-1013,YES,586,586,YES,YES,YES,first and last source signatures,PASS
ch14-b038,14,Code Review Best Practices,inline-example,chapters/14-Project-Development.qmd,1016-1020,YES,586,586,YES,YES,YES,first and last source signatures,PASS
ch14-b039,14,Code Review Best Practices,inline-example,chapters/14-Project-Development.qmd,1029-1032,YES,586,586,YES,YES,YES,first and last source signatures,PASS
ch14-b040,14,Slide Design Principles,technical-other,chapters/14-Project-Development.qmd,1126-1138,YES,588,588,YES,YES,YES,first and last source signatures,PASS
ch14-b041,14,Slide Design Principles,data-example,chapters/14-Project-Development.qmd,1141-1151,YES,588,588,YES,YES,YES,first and last source signatures,PASS
ch14-b042,14,Presentation Delivery,data-example,chapters/14-Project-Development.qmd,1200-1203,YES,589,589,YES,YES,YES,first and last source signatures,PASS
ch14-b043,14,Presentation Delivery,data-example,chapters/14-Project-Development.qmd,1206-1210,YES,589,589,YES,YES,YES,first and last source signatures,PASS
ch14-b044,14,Presentation Delivery,data-example,chapters/14-Project-Development.qmd,1213-1216,YES,589,589,YES,YES,YES,first and last source signatures,PASS
ch14-b045,14,Presentation Delivery,data-example,chapters/14-Project-Development.qmd,1219-1223,YES,589,589,YES,YES,YES,first and last source signatures,PASS
ch14-b046,14,Demo Best Practices,inline-example,chapters/14-Project-Development.qmd,1232-1235,YES,589,589,YES,YES,YES,first and last source signatures,PASS
ch14-b047,14,Demo Best Practices,data-example,chapters/14-Project-Development.qmd,1238-1244,YES,589,589,YES,YES,YES,first and last source signatures,PASS
ch14-b048,14,Demo Best Practices,data-example,chapters/14-Project-Development.qmd,1247-1250,YES,589,589,YES,YES,YES,first and last source signatures,PASS
ch15-b001,15,Making Your Demo Bulletproof,inline-example,chapters/15-Final-Presentations.qmd,144-147,YES,594,594,YES,YES,YES,first and last source signatures,PASS
ch15-b002,15,Making Your Demo Bulletproof,inline-example,chapters/15-Final-Presentations.qmd,150-153,YES,594,594,YES,YES,YES,first and last source signatures,PASS
ch15-b003,15,Sample Peer Review Form,configuration,chapters/15-Final-Presentations.qmd,259-315,YES,595,596,YES,YES,YES,first and last source signatures,PASS
ch15-b004,15,Industry-Style Technical Presentation,data-example,chapters/15-Final-Presentations.qmd,338-345,YES,597,597,YES,YES,YES,first and last source signatures,PASS
ch15-b005,15,Industry-Style Technical Presentation,technical-other,chapters/15-Final-Presentations.qmd,348-354,YES,597,597,YES,YES,YES,first and last source signatures,PASS
ch15-b006,15,Industry-Style Technical Presentation,technical-other,chapters/15-Final-Presentations.qmd,357-363,YES,597,597,YES,YES,YES,first and last source signatures,PASS
ch15-b007,15,Industry-Style Technical Presentation,technical-other,chapters/15-Final-Presentations.qmd,366-372,YES,597,597,YES,YES,YES,first and last source signatures,PASS
ch15-b008,15,Industry-Style Technical Presentation,algorithm,chapters/15-Final-Presentations.qmd,375-381,YES,63,597,YES,YES,YES,first and last source signatures,PASS
ch15-b009,15,Industry-Style Technical Presentation,inline-example,chapters/15-Final-Presentations.qmd,384-389,YES,587,598,YES,YES,YES,first and last source signatures,PASS
ch15-b010,15,Industry-Style Technical Presentation,technical-other,chapters/15-Final-Presentations.qmd,392-398,YES,598,598,YES,YES,YES,first and last source signatures,PASS
ch15-b011,15,Industry-Style Technical Presentation,technical-other,chapters/15-Final-Presentations.qmd,401-407,YES,598,598,YES,YES,YES,first and last source signatures,PASS
ch15-b012,15,Common Presentation Mistakes to Avoid,inline-example,chapters/15-Final-Presentations.qmd,454-457,YES,599,599,YES,YES,YES,first and last source signatures,PASS
ch15-b013,15,Common Presentation Mistakes to Avoid,inline-example,chapters/15-Final-Presentations.qmd,460-464,YES,599,599,YES,YES,YES,first and last source signatures,PASS
ch15-b014,15,Common Presentation Mistakes to Avoid,technical-other,chapters/15-Final-Presentations.qmd,467-470,YES,599,599,YES,YES,YES,first and last source signatures,PASS
ch15-b015,15,Common Presentation Mistakes to Avoid,algorithm,chapters/15-Final-Presentations.qmd,473-477,YES,599,599,YES,YES,YES,first and last source signatures,PASS
ch15-b016,15,Common Presentation Mistakes to Avoid,inline-example,chapters/15-Final-Presentations.qmd,482-485,YES,599,599,YES,YES,YES,first and last source signatures,PASS
ch15-b017,15,Common Presentation Mistakes to Avoid,inline-example,chapters/15-Final-Presentations.qmd,488-491,YES,599,599,YES,YES,YES,first and last source signatures,PASS
ch15-b018,15,Common Presentation Mistakes to Avoid,inline-example,chapters/15-Final-Presentations.qmd,494-497,YES,599,599,YES,YES,YES,first and last source signatures,PASS
ch15-b019,15,Common Presentation Mistakes to Avoid,inline-example,chapters/15-Final-Presentations.qmd,500-503,YES,599,599,YES,YES,YES,first and last source signatures,PASS
ch15-b020,15,Common Presentation Mistakes to Avoid,inline-example,chapters/15-Final-Presentations.qmd,506-509,YES,599,599,YES,YES,YES,first and last source signatures,PASS
ch15-b021,15,Lessons Learned Document,configuration,chapters/15-Final-Presentations.qmd,607-662,YES,601,602,YES,YES,YES,first and last source signatures,PASS
