chapter,source_file,heading_level,heading_text,identifier,source_line,source_order
1,chapters/01-introduction.qmd,1,Introduction to Software Engineering,introduction-to-software-engineering,1,1
1,chapters/01-introduction.qmd,2,Learning Objectives,learning-objectives,3,2
1,chapters/01-introduction.qmd,2,What Is Software Engineering?,what-is-software-engineering,16,3
1,chapters/01-introduction.qmd,3,Software Engineering vs. Programming,software-engineering-vs-programming,33,4
1,chapters/01-introduction.qmd,3,A Brief History of Software Engineering,a-brief-history-of-software-engineering,51,5
1,chapters/01-introduction.qmd,2,The Role of Software Engineering in Modern Systems,the-role-of-software-engineering-in-modern-systems,76,6
1,chapters/01-introduction.qmd,3,Software Is Everywhere,software-is-everywhere,80,7
1,chapters/01-introduction.qmd,3,The Cost of Software Failures,the-cost-of-software-failures,94,8
1,chapters/01-introduction.qmd,3,The Value of Good Software Engineering,the-value-of-good-software-engineering,108,9
1,chapters/01-introduction.qmd,2,The Software Development Life Cycle (SDLC),the-software-development-life-cycle-sdlc,124,10
1,chapters/01-introduction.qmd,3,The Waterfall Model,the-waterfall-model,139,11
1,chapters/01-introduction.qmd,3,Agile Methodology,agile-methodology,171,12
1,chapters/01-introduction.qmd,3,The Spiral Model,the-spiral-model,228,13
1,chapters/01-introduction.qmd,3,DevOps,devops,255,14
1,chapters/01-introduction.qmd,3,Choosing an SDLC Model,choosing-an-sdlc-model,294,15
1,chapters/01-introduction.qmd,2,Version Control with Git and GitHub,version-control-with-git-and-github,314,16
1,chapters/01-introduction.qmd,3,Why Version Control Matters,why-version-control-matters,318,17
1,chapters/01-introduction.qmd,3,Understanding Git,understanding-git,337,18
1,chapters/01-introduction.qmd,3,Essential Git Commands,essential-git-commands,367,19
1,chapters/01-introduction.qmd,3,GitHub and Remote Collaboration,github-and-remote-collaboration,445,20
1,chapters/01-introduction.qmd,3,Writing Good Commit Messages,writing-good-commit-messages,492,21
1,chapters/01-introduction.qmd,3,Repository Structure and Documentation,repository-structure-and-documentation,548,22
1,chapters/01-introduction.qmd,2,Collaborative Workflows,collaborative-workflows,601,23
1,chapters/01-introduction.qmd,3,Branching Strategies,branching-strategies,605,24
1,chapters/01-introduction.qmd,3,Code Reviews,code-reviews,642,25
1,chapters/01-introduction.qmd,3,Communication Tools,communication-tools,668,26
1,chapters/01-introduction.qmd,2,Your Semester Project,your-semester-project,680,27
1,chapters/01-introduction.qmd,3,Project Overview,project-overview,684,28
1,chapters/01-introduction.qmd,3,Weekly Milestones,weekly-milestones,698,29
1,chapters/01-introduction.qmd,3,This Week's Deliverables,this-week-s-deliverables,721,30
1,chapters/01-introduction.qmd,2,Chapter Summary,chapter-summary,741,31
1,chapters/01-introduction.qmd,2,Key Terms,key-terms,769,32
1,chapters/01-introduction.qmd,2,Review Questions,review-questions,788,33
1,chapters/01-introduction.qmd,2,Hands-On Exercises,hands-on-exercises,812,34
1,chapters/01-introduction.qmd,3,Exercise 1.1: Git Basics,exercise-1-1-git-basics,814,35
1,chapters/01-introduction.qmd,3,Exercise 1.2: Branching Practice,exercise-1-2-branching-practice,838,36
1,chapters/01-introduction.qmd,3,Exercise 1.3: Repository Setup,exercise-1-3-repository-setup,860,37
1,chapters/01-introduction.qmd,3,Exercise 1.4: Project Proposal,exercise-1-4-project-proposal,871,38
1,chapters/01-introduction.qmd,2,Further Reading,further-reading,885,39
1,chapters/01-introduction.qmd,2,References,references,902,40
2,chapters/02-requirements-engineering.qmd,1,Requirements Engineering,requirements-engineering,1,41
2,chapters/02-requirements-engineering.qmd,2,Learning Objectives,learning-objectives,3,42
2,chapters/02-requirements-engineering.qmd,2,The Foundation of Software Projects,the-foundation-of-software-projects,17,43
2,chapters/02-requirements-engineering.qmd,3,Why Requirements Matter,why-requirements-matter,25,44
2,chapters/02-requirements-engineering.qmd,3,The Requirements Engineering Process,the-requirements-engineering-process,42,45
2,chapters/02-requirements-engineering.qmd,2,Types of Requirements,types-of-requirements,60,46
2,chapters/02-requirements-engineering.qmd,3,Functional Requirements,functional-requirements,64,47
2,chapters/02-requirements-engineering.qmd,3,Non-Functional Requirements,non-functional-requirements,96,48
2,chapters/02-requirements-engineering.qmd,3,The Relationship Between Functional and Non-Functional Requirements,the-relationship-between-functional-and-non-functional-requirements,153,49
2,chapters/02-requirements-engineering.qmd,3,Constraints and Assumptions,constraints-and-assumptions,167,50
2,chapters/02-requirements-engineering.qmd,2,Requirements Elicitation Techniques,requirements-elicitation-techniques,190,51
2,chapters/02-requirements-engineering.qmd,3,Stakeholder Interviews,stakeholder-interviews,196,52
2,chapters/02-requirements-engineering.qmd,3,Questionnaires and Surveys,questionnaires-and-surveys,245,53
2,chapters/02-requirements-engineering.qmd,3,Observation and Ethnography,observation-and-ethnography,274,54
2,chapters/02-requirements-engineering.qmd,3,Workshops and Focus Groups,workshops-and-focus-groups,306,55
2,chapters/02-requirements-engineering.qmd,3,Document Analysis,document-analysis,341,56
2,chapters/02-requirements-engineering.qmd,3,Prototyping,prototyping,366,57
2,chapters/02-requirements-engineering.qmd,3,Analyzing Existing Systems,analyzing-existing-systems,399,58
2,chapters/02-requirements-engineering.qmd,2,User Stories and Acceptance Criteria,user-stories-and-acceptance-criteria,419,59
2,chapters/02-requirements-engineering.qmd,3,The User Story Format,the-user-story-format,423,60
2,chapters/02-requirements-engineering.qmd,3,Writing Effective User Stories,writing-effective-user-stories,445,61
2,chapters/02-requirements-engineering.qmd,3,Acceptance Criteria,acceptance-criteria,491,62
2,chapters/02-requirements-engineering.qmd,3,"Epics, Stories, and Tasks",epics-stories-and-tasks,555,63
2,chapters/02-requirements-engineering.qmd,3,Story Mapping,story-mapping,592,64
2,chapters/02-requirements-engineering.qmd,2,The Software Requirements Specification (SRS),the-software-requirements-specification-srs,610,65
2,chapters/02-requirements-engineering.qmd,3,Purpose of the SRS,purpose-of-the-srs,614,66
2,chapters/02-requirements-engineering.qmd,3,SRS Structure (IEEE 830),srs-structure-ieee-830,642,67
2,chapters/02-requirements-engineering.qmd,3,Writing an SRS: Section by Section,writing-an-srs-section-by-section,682,68
2,chapters/02-requirements-engineering.qmd,3,Characteristics of Good Requirements,characteristics-of-good-requirements,887,69
2,chapters/02-requirements-engineering.qmd,2,Requirements Traceability,requirements-traceability,919,70
2,chapters/02-requirements-engineering.qmd,3,Why Traceability Matters,why-traceability-matters,923,71
2,chapters/02-requirements-engineering.qmd,3,The Requirements Traceability Matrix (RTM),the-requirements-traceability-matrix-rtm,941,72
2,chapters/02-requirements-engineering.qmd,3,Types of Traceability,types-of-traceability,963,73
2,chapters/02-requirements-engineering.qmd,3,Maintaining the RTM,maintaining-the-rtm,985,74
2,chapters/02-requirements-engineering.qmd,3,Traceability in Agile Projects,traceability-in-agile-projects,1011,75
2,chapters/02-requirements-engineering.qmd,2,Managing Requirements Challenges,managing-requirements-challenges,1034,76
2,chapters/02-requirements-engineering.qmd,3,Scope Creep,scope-creep,1038,77
2,chapters/02-requirements-engineering.qmd,3,Ambiguous Requirements,ambiguous-requirements,1072,78
2,chapters/02-requirements-engineering.qmd,3,Conflicting Requirements,conflicting-requirements,1100,79
2,chapters/02-requirements-engineering.qmd,3,Changing Requirements,changing-requirements,1122,80
2,chapters/02-requirements-engineering.qmd,2,Requirements in Practice: Tools and Techniques,requirements-in-practice-tools-and-techniques,1144,81
2,chapters/02-requirements-engineering.qmd,3,Requirements Management Tools,requirements-management-tools,1146,82
2,chapters/02-requirements-engineering.qmd,3,Using GitHub for Requirements,using-github-for-requirements,1182,83
2,chapters/02-requirements-engineering.qmd,2,Chapter Summary,chapter-summary,1222,84
2,chapters/02-requirements-engineering.qmd,2,Key Terms,key-terms,1244,85
2,chapters/02-requirements-engineering.qmd,2,Review Questions,review-questions,1263,86
2,chapters/02-requirements-engineering.qmd,2,Hands-On Exercises,hands-on-exercises,1287,87
2,chapters/02-requirements-engineering.qmd,3,Exercise 2.1: Elicitation Practice,exercise-2-1-elicitation-practice,1289,88
2,chapters/02-requirements-engineering.qmd,3,Exercise 2.2: Writing User Stories,exercise-2-2-writing-user-stories,1297,89
2,chapters/02-requirements-engineering.qmd,3,Exercise 2.3: Requirement Analysis,exercise-2-3-requirement-analysis,1306,90
2,chapters/02-requirements-engineering.qmd,3,Exercise 2.4: Software Requirements Specification,exercise-2-4-software-requirements-specification,1317,91
2,chapters/02-requirements-engineering.qmd,3,Exercise 2.5: Requirements Traceability Matrix,exercise-2-5-requirements-traceability-matrix,1327,92
2,chapters/02-requirements-engineering.qmd,3,Exercise 2.6: GitHub Project Setup,exercise-2-6-github-project-setup,1337,93
2,chapters/02-requirements-engineering.qmd,2,Further Reading,further-reading,1349,94
2,chapters/02-requirements-engineering.qmd,2,References,references,1371,95
3,chapters/03-systems-modeling.qmd,1,Systems Modeling and UML,systems-modeling-and-uml,1,96
3,chapters/03-systems-modeling.qmd,2,Learning Objectives,learning-objectives,3,97
3,chapters/03-systems-modeling.qmd,2,Why Model Software Systems?,why-model-software-systems,18,98
3,chapters/03-systems-modeling.qmd,3,The Purpose of Models,the-purpose-of-models,24,99
3,chapters/03-systems-modeling.qmd,3,Benefits of Modeling,benefits-of-modeling,39,100
3,chapters/03-systems-modeling.qmd,3,Modeling in Different Contexts,modeling-in-different-contexts,51,101
3,chapters/03-systems-modeling.qmd,2,Introduction to UML,introduction-to-uml,70,102
3,chapters/03-systems-modeling.qmd,3,UML Diagram Types,uml-diagram-types,74,103
3,chapters/03-systems-modeling.qmd,3,UML Notation Basics,uml-notation-basics,113,104
3,chapters/03-systems-modeling.qmd,2,Use Case Diagrams,use-case-diagrams,147,105
3,chapters/03-systems-modeling.qmd,3,Use Case Diagram Elements,use-case-diagram-elements,151,106
3,chapters/03-systems-modeling.qmd,3,Use Case Relationships,use-case-relationships,202,107
3,chapters/03-systems-modeling.qmd,3,Complete Use Case Diagram Example,complete-use-case-diagram-example,255,108
3,chapters/03-systems-modeling.qmd,3,Use Case Descriptions,use-case-descriptions,261,109
3,chapters/03-systems-modeling.qmd,3,Best Practices for Use Case Diagrams,best-practices-for-use-case-diagrams,315,110
3,chapters/03-systems-modeling.qmd,2,Activity Diagrams,activity-diagrams,352,111
3,chapters/03-systems-modeling.qmd,3,Activity Diagram Elements,activity-diagram-elements,356,112
3,chapters/03-systems-modeling.qmd,3,Control Flow vs. Object Flow,control-flow-vs-object-flow,420,113
3,chapters/03-systems-modeling.qmd,3,Complete Activity Diagram Example,complete-activity-diagram-example,440,114
3,chapters/03-systems-modeling.qmd,3,Activity Diagram for Algorithm Logic,activity-diagram-for-algorithm-logic,446,115
3,chapters/03-systems-modeling.qmd,3,Best Practices for Activity Diagrams,best-practices-for-activity-diagrams,450,116
3,chapters/03-systems-modeling.qmd,2,Sequence Diagrams,sequence-diagrams,492,117
3,chapters/03-systems-modeling.qmd,3,Sequence Diagram Elements,sequence-diagram-elements,496,118
3,chapters/03-systems-modeling.qmd,3,Combined Fragments,combined-fragments,557,119
3,chapters/03-systems-modeling.qmd,3,Complete Sequence Diagram Example,complete-sequence-diagram-example,609,120
3,chapters/03-systems-modeling.qmd,3,Object Creation and Destruction,object-creation-and-destruction,615,121
3,chapters/03-systems-modeling.qmd,3,Best Practices for Sequence Diagrams,best-practices-for-sequence-diagrams,641,122
3,chapters/03-systems-modeling.qmd,2,Class Diagrams,class-diagrams,676,123
3,chapters/03-systems-modeling.qmd,3,Class Notation,class-notation,680,124
3,chapters/03-systems-modeling.qmd,3,Relationships Between Classes,relationships-between-classes,736,125
3,chapters/03-systems-modeling.qmd,3,Association Classes,association-classes,836,126
3,chapters/03-systems-modeling.qmd,3,Complete Class Diagram Example,complete-class-diagram-example,857,127
3,chapters/03-systems-modeling.qmd,3,Domain Models vs. Design Class Diagrams,domain-models-vs-design-class-diagrams,863,128
3,chapters/03-systems-modeling.qmd,3,Best Practices for Class Diagrams,best-practices-for-class-diagrams,893,129
3,chapters/03-systems-modeling.qmd,2,Choosing the Right Diagram,choosing-the-right-diagram,931,130
3,chapters/03-systems-modeling.qmd,3,Matching Diagrams to Questions,matching-diagrams-to-questions,935,131
3,chapters/03-systems-modeling.qmd,3,Diagrams Through the Development Lifecycle,diagrams-through-the-development-lifecycle,947,132
3,chapters/03-systems-modeling.qmd,3,Diagram Selection Guide,diagram-selection-guide,973,133
3,chapters/03-systems-modeling.qmd,2,Modeling Tools,modeling-tools,979,134
3,chapters/03-systems-modeling.qmd,3,Categories of Tools,categories-of-tools,983,135
3,chapters/03-systems-modeling.qmd,3,PlantUML Example,plantuml-example,1011,136
3,chapters/03-systems-modeling.qmd,3,Mermaid Example,mermaid-example,1083,137
3,chapters/03-systems-modeling.qmd,3,Tool Selection Considerations,tool-selection-considerations,1127,138
3,chapters/03-systems-modeling.qmd,2,Chapter Summary,chapter-summary,1142,139
3,chapters/03-systems-modeling.qmd,2,Key Terms,key-terms,1164,140
3,chapters/03-systems-modeling.qmd,2,Review Questions,review-questions,1185,141
3,chapters/03-systems-modeling.qmd,2,Hands-On Exercises,hands-on-exercises,1209,142
3,chapters/03-systems-modeling.qmd,3,Exercise 3.1: Use Case Diagram,exercise-3-1-use-case-diagram,1211,143
3,chapters/03-systems-modeling.qmd,3,Exercise 3.2: Activity Diagram,exercise-3-2-activity-diagram,1223,144
3,chapters/03-systems-modeling.qmd,3,Exercise 3.3: Sequence Diagram,exercise-3-3-sequence-diagram,1236,145
3,chapters/03-systems-modeling.qmd,3,Exercise 3.4: Class Diagram,exercise-3-4-class-diagram,1249,146
3,chapters/03-systems-modeling.qmd,3,Exercise 3.5: Project UML Package,exercise-3-5-project-uml-package,1260,147
3,chapters/03-systems-modeling.qmd,3,Exercise 3.6: Tool Exploration,exercise-3-6-tool-exploration,1271,148
3,chapters/03-systems-modeling.qmd,2,Further Reading,further-reading,1283,149
3,chapters/03-systems-modeling.qmd,2,References,references,1306,150
4,chapters/04-software-architecture.qmd,1,Software Architecture and Design Patterns,software-architecture-and-design-patterns,1,151
4,chapters/04-software-architecture.qmd,2,Learning Objectives,learning-objectives,3,152
4,chapters/04-software-architecture.qmd,2,What Is Software Architecture?,what-is-software-architecture,17,153
4,chapters/04-software-architecture.qmd,3,Why Architecture Matters,why-architecture-matters,25,154
4,chapters/04-software-architecture.qmd,3,Architecture vs. Design,architecture-vs-design,37,155
4,chapters/04-software-architecture.qmd,3,The Role of the Software Architect,the-role-of-the-software-architect,61,156
4,chapters/04-software-architecture.qmd,2,Architectural Styles and Patterns,architectural-styles-and-patterns,75,157
4,chapters/04-software-architecture.qmd,3,Layered Architecture,layered-architecture,81,158
4,chapters/04-software-architecture.qmd,3,Model-View-Controller (MVC),model-view-controller-mvc,158,159
4,chapters/04-software-architecture.qmd,3,Microservices Architecture,microservices-architecture,213,160
4,chapters/04-software-architecture.qmd,3,Event-Driven Architecture,event-driven-architecture,285,161
4,chapters/04-software-architecture.qmd,3,Monolithic Architecture,monolithic-architecture,363,162
4,chapters/04-software-architecture.qmd,3,Comparing Architectural Styles,comparing-architectural-styles,402,163
4,chapters/04-software-architecture.qmd,2,The SOLID Principles,the-solid-principles,408,164
4,chapters/04-software-architecture.qmd,3,Single Responsibility Principle (SRP),single-responsibility-principle-srp,414,165
4,chapters/04-software-architecture.qmd,3,Open/Closed Principle (OCP),open-closed-principle-ocp,492,166
4,chapters/04-software-architecture.qmd,3,Liskov Substitution Principle (LSP),liskov-substitution-principle-lsp,572,167
4,chapters/04-software-architecture.qmd,3,Interface Segregation Principle (ISP),interface-segregation-principle-isp,670,168
4,chapters/04-software-architecture.qmd,3,Dependency Inversion Principle (DIP),dependency-inversion-principle-dip,755,169
4,chapters/04-software-architecture.qmd,3,SOLID Summary,solid-summary,845,170
4,chapters/04-software-architecture.qmd,2,Design Patterns,design-patterns,857,171
4,chapters/04-software-architecture.qmd,3,Creational Patterns,creational-patterns,865,172
4,chapters/04-software-architecture.qmd,4,Singleton Pattern,singleton-pattern,869,173
4,chapters/04-software-architecture.qmd,4,Factory Method Pattern,factory-method-pattern,924,174
4,chapters/04-software-architecture.qmd,4,Builder Pattern,builder-pattern,993,175
4,chapters/04-software-architecture.qmd,3,Structural Patterns,structural-patterns,1072,176
4,chapters/04-software-architecture.qmd,4,Adapter Pattern,adapter-pattern,1076,177
4,chapters/04-software-architecture.qmd,4,Decorator Pattern,decorator-pattern,1135,178
4,chapters/04-software-architecture.qmd,4,Facade Pattern,facade-pattern,1234,179
4,chapters/04-software-architecture.qmd,3,Behavioral Patterns,behavioral-patterns,1303,180
4,chapters/04-software-architecture.qmd,4,Strategy Pattern,strategy-pattern,1307,181
4,chapters/04-software-architecture.qmd,4,Observer Pattern,observer-pattern,1407,182
4,chapters/04-software-architecture.qmd,4,Template Method Pattern,template-method-pattern,1508,183
4,chapters/04-software-architecture.qmd,3,Design Patterns Summary,design-patterns-summary,1600,184
4,chapters/04-software-architecture.qmd,2,The Software Architecture Document (SAD),the-software-architecture-document-sad,1616,185
4,chapters/04-software-architecture.qmd,3,Purpose of the SAD,purpose-of-the-sad,1620,186
4,chapters/04-software-architecture.qmd,3,SAD Structure,sad-structure,1634,187
4,chapters/04-software-architecture.qmd,3,The 4+1 View Model,the-4-1-view-model,1686,188
4,chapters/04-software-architecture.qmd,3,Architecture Decision Records (ADRs),architecture-decision-records-adrs,1703,189
4,chapters/04-software-architecture.qmd,2,Making Architectural Decisions,making-architectural-decisions,1777,190
4,chapters/04-software-architecture.qmd,3,Factors in Architectural Decisions,factors-in-architectural-decisions,1781,191
4,chapters/04-software-architecture.qmd,3,Common Trade-offs,common-trade-offs,1793,192
4,chapters/04-software-architecture.qmd,3,Evaluating Architectures,evaluating-architectures,1807,193
4,chapters/04-software-architecture.qmd,2,Chapter Summary,chapter-summary,1823,194
4,chapters/04-software-architecture.qmd,2,Key Terms,key-terms,1845,195
4,chapters/04-software-architecture.qmd,2,Review Questions,review-questions,1866,196
4,chapters/04-software-architecture.qmd,2,Hands-On Exercises,hands-on-exercises,1890,197
4,chapters/04-software-architecture.qmd,3,Exercise 4.1: Identifying Architectural Styles,exercise-4-1-identifying-architectural-styles,1892,198
4,chapters/04-software-architecture.qmd,3,Exercise 4.2: SOLID Refactoring,exercise-4-2-solid-refactoring,1902,199
4,chapters/04-software-architecture.qmd,3,Exercise 4.3: Implementing Design Patterns,exercise-4-3-implementing-design-patterns,1933,200
4,chapters/04-software-architecture.qmd,3,Exercise 4.4: Architecture Analysis,exercise-4-4-architecture-analysis,1943,201
4,chapters/04-software-architecture.qmd,3,Exercise 4.5: Software Architecture Document,exercise-4-5-software-architecture-document,1952,202
4,chapters/04-software-architecture.qmd,3,Exercise 4.6: Pattern Recognition,exercise-4-6-pattern-recognition,1963,203
4,chapters/04-software-architecture.qmd,2,Further Reading,further-reading,2033,204
4,chapters/04-software-architecture.qmd,2,References,references,2052,205
5,chapters/05-ui-ux.qmd,1,UI/UX Design and Prototyping,ui-ux-design-and-prototyping,1,206
5,chapters/05-ui-ux.qmd,2,Learning Objectives,learning-objectives,3,207
5,chapters/05-ui-ux.qmd,2,Understanding UI and UX,understanding-ui-and-ux,18,208
5,chapters/05-ui-ux.qmd,3,What Is User Experience (UX)?,what-is-user-experience-ux,24,209
5,chapters/05-ui-ux.qmd,3,What Is User Interface (UI)?,what-is-user-interface-ui,55,210
5,chapters/05-ui-ux.qmd,3,The Relationship Between UX and UI,the-relationship-between-ux-and-ui,83,211
5,chapters/05-ui-ux.qmd,3,Why Software Engineers Need Design Skills,why-software-engineers-need-design-skills,119,212
5,chapters/05-ui-ux.qmd,2,Human-Centered Design,human-centered-design,135,213
5,chapters/05-ui-ux.qmd,3,Principles of Human-Centered Design,principles-of-human-centered-design,139,214
5,chapters/05-ui-ux.qmd,3,Understanding Users,understanding-users,209,215
5,chapters/05-ui-ux.qmd,3,Defining the Problem,defining-the-problem,297,216
5,chapters/05-ui-ux.qmd,2,UX Design Heuristics,ux-design-heuristics,321,217
5,chapters/05-ui-ux.qmd,3,Nielsen's 10 Usability Heuristics,nielsen-s-10-usability-heuristics,325,218
5,chapters/05-ui-ux.qmd,3,Applying Heuristics: Heuristic Evaluation,applying-heuristics-heuristic-evaluation,593,219
5,chapters/05-ui-ux.qmd,2,Wireframing and Prototyping,wireframing-and-prototyping,625,220
5,chapters/05-ui-ux.qmd,3,The Prototyping Spectrum,the-prototyping-spectrum,629,221
5,chapters/05-ui-ux.qmd,3,Sketching,sketching,657,222
5,chapters/05-ui-ux.qmd,3,Wireframes,wireframes,715,223
5,chapters/05-ui-ux.qmd,3,Interactive Prototypes,interactive-prototypes,816,224
5,chapters/05-ui-ux.qmd,3,Prototyping Tools,prototyping-tools,836,225
5,chapters/05-ui-ux.qmd,2,Visual Design Fundamentals,visual-design-fundamentals,875,226
5,chapters/05-ui-ux.qmd,3,Visual Hierarchy,visual-hierarchy,879,227
5,chapters/05-ui-ux.qmd,3,Typography,typography,922,228
5,chapters/05-ui-ux.qmd,3,Color,color,954,229
5,chapters/05-ui-ux.qmd,3,Layout and Spacing,layout-and-spacing,1004,230
5,chapters/05-ui-ux.qmd,2,Responsive Design,responsive-design,1062,231
5,chapters/05-ui-ux.qmd,3,Why Responsive Design Matters,why-responsive-design-matters,1066,232
5,chapters/05-ui-ux.qmd,3,Responsive Design Principles,responsive-design-principles,1079,233
5,chapters/05-ui-ux.qmd,3,Breakpoints,breakpoints,1135,234
5,chapters/05-ui-ux.qmd,3,Responsive Patterns,responsive-patterns,1181,235
5,chapters/05-ui-ux.qmd,3,Touch Considerations,touch-considerations,1230,236
5,chapters/05-ui-ux.qmd,2,Accessibility,accessibility,1256,237
5,chapters/05-ui-ux.qmd,3,Why Accessibility Matters,why-accessibility-matters,1260,238
5,chapters/05-ui-ux.qmd,3,WCAG Guidelines,wcag-guidelines,1270,239
5,chapters/05-ui-ux.qmd,3,Common Accessibility Requirements,common-accessibility-requirements,1307,240
5,chapters/05-ui-ux.qmd,3,Accessibility Testing,accessibility-testing,1482,241
5,chapters/05-ui-ux.qmd,2,Design Systems and Style Guides,design-systems-and-style-guides,1514,242
5,chapters/05-ui-ux.qmd,3,Why Design Systems Matter,why-design-systems-matter,1520,243
5,chapters/05-ui-ux.qmd,3,Components of a Design System,components-of-a-design-system,1532,244
5,chapters/05-ui-ux.qmd,3,Creating a Style Guide,creating-a-style-guide,1696,245
5,chapters/05-ui-ux.qmd,3,Style Guide Example,style-guide-example,1740,246
5,chapters/05-ui-ux.qmd,2,Prototyping in Practice: Using Figma,prototyping-in-practice-using-figma,1828,247
5,chapters/05-ui-ux.qmd,3,Figma Basics,figma-basics,1832,248
5,chapters/05-ui-ux.qmd,3,Creating a Simple Wireframe in Figma,creating-a-simple-wireframe-in-figma,1858,249
5,chapters/05-ui-ux.qmd,3,Figma Tips for Beginners,figma-tips-for-beginners,1897,250
5,chapters/05-ui-ux.qmd,2,Chapter Summary,chapter-summary,1922,251
5,chapters/05-ui-ux.qmd,2,Key Terms,key-terms,1948,252
5,chapters/05-ui-ux.qmd,2,Review Questions,review-questions,1970,253
5,chapters/05-ui-ux.qmd,2,Hands-On Exercises,hands-on-exercises,1994,254
5,chapters/05-ui-ux.qmd,3,Exercise 5.1: Heuristic Evaluation,exercise-5-1-heuristic-evaluation,1996,255
5,chapters/05-ui-ux.qmd,3,Exercise 5.2: User Persona Creation,exercise-5-2-user-persona-creation,2006,256
5,chapters/05-ui-ux.qmd,3,Exercise 5.3: Paper Prototyping,exercise-5-3-paper-prototyping,2019,257
5,chapters/05-ui-ux.qmd,3,Exercise 5.4: Digital Wireframes,exercise-5-4-digital-wireframes,2031,258
5,chapters/05-ui-ux.qmd,3,Exercise 5.5: Style Guide Creation,exercise-5-5-style-guide-creation,2044,259
5,chapters/05-ui-ux.qmd,3,Exercise 5.6: Accessibility Audit,exercise-5-6-accessibility-audit,2073,260
5,chapters/05-ui-ux.qmd,3,Exercise 5.7: Responsive Design,exercise-5-7-responsive-design,2085,261
5,chapters/05-ui-ux.qmd,2,Further Reading,further-reading,2097,262
5,chapters/05-ui-ux.qmd,2,References,references,2124,263
6,chapters/06-agile-methodologies.qmd,1,Agile Methodologies and Project Management,agile-methodologies-and-project-management,1,264
6,chapters/06-agile-methodologies.qmd,2,Learning Objectives,learning-objectives,3,265
6,chapters/06-agile-methodologies.qmd,2,The Agile Revolution,the-agile-revolution,19,266
6,chapters/06-agile-methodologies.qmd,3,The Agile Manifesto,the-agile-manifesto,25,267
6,chapters/06-agile-methodologies.qmd,3,The Twelve Principles,the-twelve-principles,53,268
6,chapters/06-agile-methodologies.qmd,3,"Agile Is a Mindset, Not a Methodology",agile-is-a-mindset-not-a-methodology,81,269
6,chapters/06-agile-methodologies.qmd,3,Why Agile Works,why-agile-works,105,270
6,chapters/06-agile-methodologies.qmd,2,Scrum: A Framework for Agile Development,scrum-a-framework-for-agile-development,119,271
6,chapters/06-agile-methodologies.qmd,3,The Scrum Framework Overview,the-scrum-framework-overview,125,272
6,chapters/06-agile-methodologies.qmd,3,Scrum Roles,scrum-roles,173,273
6,chapters/06-agile-methodologies.qmd,3,Scrum Artifacts,scrum-artifacts,241,274
6,chapters/06-agile-methodologies.qmd,3,Scrum Events,scrum-events,366,275
6,chapters/06-agile-methodologies.qmd,3,Sprint Metrics,sprint-metrics,659,276
6,chapters/06-agile-methodologies.qmd,2,Kanban: Continuous Flow,kanban-continuous-flow,725,277
6,chapters/06-agile-methodologies.qmd,3,Kanban Principles,kanban-principles,729,278
6,chapters/06-agile-methodologies.qmd,3,Kanban Practices,kanban-practices,749,279
6,chapters/06-agile-methodologies.qmd,3,Kanban Board Design,kanban-board-design,839,280
6,chapters/06-agile-methodologies.qmd,3,Kanban Metrics,kanban-metrics,877,281
6,chapters/06-agile-methodologies.qmd,3,Scrum vs. Kanban,scrum-vs-kanban,938,282
6,chapters/06-agile-methodologies.qmd,2,Extreme Programming (XP),extreme-programming-xp,961,283
6,chapters/06-agile-methodologies.qmd,3,XP Values,xp-values,965,284
6,chapters/06-agile-methodologies.qmd,3,XP Practices,xp-practices,977,285
6,chapters/06-agile-methodologies.qmd,3,The TDD Cycle,the-tdd-cycle,1013,286
6,chapters/06-agile-methodologies.qmd,3,When to Use XP Practices,when-to-use-xp-practices,1090,287
6,chapters/06-agile-methodologies.qmd,2,Estimation: Story Points and Planning,estimation-story-points-and-planning,1104,288
6,chapters/06-agile-methodologies.qmd,3,Why Traditional Estimation Fails,why-traditional-estimation-fails,1108,289
6,chapters/06-agile-methodologies.qmd,3,Story Points,story-points,1122,290
6,chapters/06-agile-methodologies.qmd,3,Planning Poker,planning-poker,1157,291
6,chapters/06-agile-methodologies.qmd,3,Velocity and Capacity Planning,velocity-and-capacity-planning,1203,292
6,chapters/06-agile-methodologies.qmd,3,Estimation Alternatives,estimation-alternatives,1240,293
6,chapters/06-agile-methodologies.qmd,2,Project Management Tools,project-management-tools,1272,294
6,chapters/06-agile-methodologies.qmd,3,GitHub Projects,github-projects,1276,295
6,chapters/06-agile-methodologies.qmd,3,Jira,jira,1354,296
6,chapters/06-agile-methodologies.qmd,3,Other Tools,other-tools,1407,297
6,chapters/06-agile-methodologies.qmd,2,"Breaking Down Work: Epics, Stories, and Tasks",breaking-down-work-epics-stories-and-tasks,1434,298
6,chapters/06-agile-methodologies.qmd,3,The Work Hierarchy,the-work-hierarchy,1438,299
6,chapters/06-agile-methodologies.qmd,3,Epics,epics,1466,300
6,chapters/06-agile-methodologies.qmd,3,User Stories (Review),user-stories-review,1500,301
6,chapters/06-agile-methodologies.qmd,3,Tasks,tasks,1580,302
6,chapters/06-agile-methodologies.qmd,3,Definition of Ready and Definition of Done,definition-of-ready-and-definition-of-done,1615,303
6,chapters/06-agile-methodologies.qmd,2,Running Effective Agile Meetings,running-effective-agile-meetings,1659,304
6,chapters/06-agile-methodologies.qmd,3,Meeting Anti-Patterns,meeting-anti-patterns,1663,305
6,chapters/06-agile-methodologies.qmd,3,Facilitating Effective Standups,facilitating-effective-standups,1692,306
6,chapters/06-agile-methodologies.qmd,3,Facilitating Effective Retrospectives,facilitating-effective-retrospectives,1724,307
6,chapters/06-agile-methodologies.qmd,3,Remote/Hybrid Agile,remote-hybrid-agile,1793,308
6,chapters/06-agile-methodologies.qmd,2,Adapting Agile to Your Context,adapting-agile-to-your-context,1839,309
6,chapters/06-agile-methodologies.qmd,3,Team Size Considerations,team-size-considerations,1843,310
6,chapters/06-agile-methodologies.qmd,3,Project Type Considerations,project-type-considerations,1873,311
6,chapters/06-agile-methodologies.qmd,3,Scaling Agile,scaling-agile,1899,312
6,chapters/06-agile-methodologies.qmd,2,Chapter Summary,chapter-summary,1933,313
6,chapters/06-agile-methodologies.qmd,2,Key Terms,key-terms,1961,314
6,chapters/06-agile-methodologies.qmd,2,Review Questions,review-questions,1983,315
6,chapters/06-agile-methodologies.qmd,2,Hands-On Exercises,hands-on-exercises,2007,316
6,chapters/06-agile-methodologies.qmd,3,Exercise 6.1: Product Backlog Creation,exercise-6-1-product-backlog-creation,2009,317
6,chapters/06-agile-methodologies.qmd,3,Exercise 6.2: Story Point Estimation,exercise-6-2-story-point-estimation,2019,318
6,chapters/06-agile-methodologies.qmd,3,Exercise 6.3: Sprint Planning,exercise-6-3-sprint-planning,2029,319
6,chapters/06-agile-methodologies.qmd,3,Exercise 6.4: Kanban Board Setup,exercise-6-4-kanban-board-setup,2040,320
6,chapters/06-agile-methodologies.qmd,3,Exercise 6.5: Sprint Simulation,exercise-6-5-sprint-simulation,2060,321
6,chapters/06-agile-methodologies.qmd,3,Exercise 6.6: Retrospective Facilitation,exercise-6-6-retrospective-facilitation,2074,322
6,chapters/06-agile-methodologies.qmd,3,Exercise 6.7: Agile Sprint Plan Document,exercise-6-7-agile-sprint-plan-document,2085,323
6,chapters/06-agile-methodologies.qmd,2,Further Reading,further-reading,2099,324
6,chapters/06-agile-methodologies.qmd,2,References,references,2120,325
7,chapters/07-version-control.qmd,1,Version Control Workflows,version-control-workflows,1,326
7,chapters/07-version-control.qmd,2,Learning Objectives,learning-objectives,3,327
7,chapters/07-version-control.qmd,2,Why Version Control Workflows Matter,why-version-control-workflows-matter,18,328
7,chapters/07-version-control.qmd,3,The Cost of Poor Version Control,the-cost-of-poor-version-control,29,329
7,chapters/07-version-control.qmd,3,What Good Workflows Provide,what-good-workflows-provide,43,330
7,chapters/07-version-control.qmd,2,Understanding Git Branching,understanding-git-branching,59,331
7,chapters/07-version-control.qmd,3,What Is a Branch?,what-is-a-branch,63,332
7,chapters/07-version-control.qmd,3,HEAD: Where You Are,head-where-you-are,76,333
7,chapters/07-version-control.qmd,3,Branch Operations,branch-operations,86,334
7,chapters/07-version-control.qmd,3,Merging Branches,merging-branches,134,335
7,chapters/07-version-control.qmd,3,Rebasing,rebasing,167,336
7,chapters/07-version-control.qmd,2,Branching Strategies,branching-strategies,210,337
7,chapters/07-version-control.qmd,3,Gitflow,gitflow,214,338
7,chapters/07-version-control.qmd,3,GitHub Flow,github-flow,342,339
7,chapters/07-version-control.qmd,3,Trunk-Based Development,trunk-based-development,462,340
7,chapters/07-version-control.qmd,3,Comparing Branching Strategies,comparing-branching-strategies,559,341
7,chapters/07-version-control.qmd,3,Choosing a Strategy,choosing-a-strategy,571,342
7,chapters/07-version-control.qmd,2,Pull Requests,pull-requests,603,343
7,chapters/07-version-control.qmd,3,Anatomy of a Good Pull Request,anatomy-of-a-good-pull-request,607,344
7,chapters/07-version-control.qmd,3,Writing Effective PR Descriptions,writing-effective-pr-descriptions,667,345
7,chapters/07-version-control.qmd,3,Pull Request Best Practices,pull-request-best-practices,710,346
7,chapters/07-version-control.qmd,3,Draft Pull Requests,draft-pull-requests,767,347
7,chapters/07-version-control.qmd,2,Code Review,code-review,803,348
7,chapters/07-version-control.qmd,3,Why Code Review Matters,why-code-review-matters,807,349
7,chapters/07-version-control.qmd,3,The Reviewer's Mindset,the-reviewer-s-mindset,829,350
7,chapters/07-version-control.qmd,3,What to Look For,what-to-look-for,843,351
7,chapters/07-version-control.qmd,3,Review Checklist,review-checklist,890,352
7,chapters/07-version-control.qmd,3,Giving Feedback,giving-feedback,937,353
7,chapters/07-version-control.qmd,3,Receiving Feedback,receiving-feedback,1010,354
7,chapters/07-version-control.qmd,3,Review Etiquette,review-etiquette,1050,355
7,chapters/07-version-control.qmd,3,Automated Checks,automated-checks,1068,356
7,chapters/07-version-control.qmd,2,Handling Merge Conflicts,handling-merge-conflicts,1113,357
7,chapters/07-version-control.qmd,3,Why Conflicts Happen,why-conflicts-happen,1117,358
7,chapters/07-version-control.qmd,3,Anatomy of a Conflict,anatomy-of-a-conflict,1147,359
7,chapters/07-version-control.qmd,3,Resolving Conflicts,resolving-conflicts,1167,360
7,chapters/07-version-control.qmd,3,Conflict Resolution Strategies,conflict-resolution-strategies,1214,361
7,chapters/07-version-control.qmd,3,Preventing Conflicts,preventing-conflicts,1240,362
7,chapters/07-version-control.qmd,3,Conflict Resolution Example,conflict-resolution-example,1264,363
7,chapters/07-version-control.qmd,3,Handling Complex Conflicts,handling-complex-conflicts,1355,364
7,chapters/07-version-control.qmd,2,Repository Hygiene,repository-hygiene,1383,365
7,chapters/07-version-control.qmd,3,Branch Naming Conventions,branch-naming-conventions,1387,366
7,chapters/07-version-control.qmd,3,Commit Message Conventions,commit-message-conventions,1433,367
7,chapters/07-version-control.qmd,3,Essential Repository Files,essential-repository-files,1510,368
7,chapters/07-version-control.qmd,3,Running the Application,running-the-application,1545,369
7,chapters/07-version-control.qmd,2,Documentation,documentation,1553,370
7,chapters/07-version-control.qmd,2,Contributing,contributing,1559,371
7,chapters/07-version-control.qmd,2,License,license,1563,372
7,chapters/07-version-control.qmd,3,Branch Protection,branch-protection,1700,373
7,chapters/07-version-control.qmd,3,Cleaning Up Branches,cleaning-up-branches,1763,374
7,chapters/07-version-control.qmd,3,Git Hooks,git-hooks,1791,375
7,chapters/07-version-control.qmd,2,Advanced Git Techniques,advanced-git-techniques,1876,376
7,chapters/07-version-control.qmd,3,Interactive Rebase,interactive-rebase,1878,377
7,chapters/07-version-control.qmd,3,Cherry-Pick,cherry-pick,1938,378
7,chapters/07-version-control.qmd,3,Stashing,stashing,1959,379
7,chapters/07-version-control.qmd,3,Bisect,bisect,2008,380
7,chapters/07-version-control.qmd,3,Reflog,reflog,2042,381
7,chapters/07-version-control.qmd,2,Workflow for Your Project,workflow-for-your-project,2076,382
7,chapters/07-version-control.qmd,3,Project Setup,project-setup,2080,383
7,chapters/07-version-control.qmd,3,Daily Workflow,daily-workflow,2097,384
7,chapters/07-version-control.qmd,3,Pull Request Process,pull-request-process,2124,385
7,chapters/07-version-control.qmd,3,Code Review Process,code-review-process,2151,386
7,chapters/07-version-control.qmd,3,Branch Cleanup,branch-cleanup,2170,387
7,chapters/07-version-control.qmd,2,Chapter Summary,chapter-summary,2184,388
7,chapters/07-version-control.qmd,2,Key Terms,key-terms,2212,389
7,chapters/07-version-control.qmd,2,Review Questions,review-questions,2234,390
7,chapters/07-version-control.qmd,2,Hands-On Exercises,hands-on-exercises,2258,391
7,chapters/07-version-control.qmd,3,Exercise 7.1: Branching Practice,exercise-7-1-branching-practice,2260,392
7,chapters/07-version-control.qmd,3,Exercise 7.2: Conflict Resolution,exercise-7-2-conflict-resolution,2273,393
7,chapters/07-version-control.qmd,3,Exercise 7.3: Interactive Rebase,exercise-7-3-interactive-rebase,2284,394
7,chapters/07-version-control.qmd,3,Exercise 7.4: Pull Request,exercise-7-4-pull-request,2298,395
7,chapters/07-version-control.qmd,3,Exercise 7.5: Code Review,exercise-7-5-code-review,2313,396
7,chapters/07-version-control.qmd,3,Exercise 7.6: Repository Setup,exercise-7-6-repository-setup,2325,397
7,chapters/07-version-control.qmd,3,Exercise 7.7: Git Hooks,exercise-7-7-git-hooks,2344,398
7,chapters/07-version-control.qmd,2,Further Reading,further-reading,2360,399
7,chapters/07-version-control.qmd,2,References,references,2383,400
8,chapters/08-testing-quality.qmd,1,Testing and Quality Assurance,testing-and-quality-assurance,1,401
8,chapters/08-testing-quality.qmd,2,Learning Objectives,learning-objectives,3,402
8,chapters/08-testing-quality.qmd,2,Why Testing Matters,why-testing-matters,20,403
8,chapters/08-testing-quality.qmd,3,The Cost of Bugs,the-cost-of-bugs,24,404
8,chapters/08-testing-quality.qmd,3,What Testing Provides,what-testing-provides,42,405
8,chapters/08-testing-quality.qmd,3,Testing vs. Quality Assurance,testing-vs-quality-assurance,54,406
8,chapters/08-testing-quality.qmd,2,Testing Levels,testing-levels,79,407
8,chapters/08-testing-quality.qmd,3,Unit Testing,unit-testing,85,408
8,chapters/08-testing-quality.qmd,3,Integration Testing,integration-testing,221,409
8,chapters/08-testing-quality.qmd,3,System Testing,system-testing,366,410
8,chapters/08-testing-quality.qmd,3,Acceptance Testing,acceptance-testing,424,411
8,chapters/08-testing-quality.qmd,3,End-to-End (E2E) Testing,end-to-end-e2e-testing,492,412
8,chapters/08-testing-quality.qmd,2,Test-Driven Development (TDD),test-driven-development-tdd,654,413
8,chapters/08-testing-quality.qmd,3,The TDD Cycle,the-tdd-cycle,658,414
8,chapters/08-testing-quality.qmd,3,TDD Example: Building a Shopping Cart,tdd-example-building-a-shopping-cart,669,415
8,chapters/08-testing-quality.qmd,3,Benefits of TDD,benefits-of-tdd,868,416
8,chapters/08-testing-quality.qmd,3,TDD Challenges,tdd-challenges,900,417
8,chapters/08-testing-quality.qmd,2,Writing Effective Tests,writing-effective-tests,928,418
8,chapters/08-testing-quality.qmd,3,Test Structure: Arrange-Act-Assert,test-structure-arrange-act-assert,932,419
8,chapters/08-testing-quality.qmd,3,Test Naming,test-naming,968,420
8,chapters/08-testing-quality.qmd,3,One Assertion Per Test (Usually),one-assertion-per-test-usually,1010,421
8,chapters/08-testing-quality.qmd,3,Test Data and Fixtures,test-data-and-fixtures,1078,422
8,chapters/08-testing-quality.qmd,3,Testing Edge Cases,testing-edge-cases,1168,423
8,chapters/08-testing-quality.qmd,3,Avoiding Test Smells,avoiding-test-smells,1252,424
8,chapters/08-testing-quality.qmd,2,Mocking and Test Doubles,mocking-and-test-doubles,1351,425
8,chapters/08-testing-quality.qmd,3,Types of Test Doubles,types-of-test-doubles,1355,426
8,chapters/08-testing-quality.qmd,3,Mocking in Practice,mocking-in-practice,1390,427
8,chapters/08-testing-quality.qmd,3,Mocking External APIs,mocking-external-apis,1539,428
8,chapters/08-testing-quality.qmd,3,When to Mock,when-to-mock,1601,429
8,chapters/08-testing-quality.qmd,3,Dependency Injection for Testability,dependency-injection-for-testability,1629,430
8,chapters/08-testing-quality.qmd,2,Code Coverage,code-coverage,1666,431
8,chapters/08-testing-quality.qmd,3,Types of Coverage,types-of-coverage,1670,432
8,chapters/08-testing-quality.qmd,3,Running Coverage Reports,running-coverage-reports,1766,433
8,chapters/08-testing-quality.qmd,3,Coverage Guidelines,coverage-guidelines,1797,434
8,chapters/08-testing-quality.qmd,3,Coverage Anti-Patterns,coverage-anti-patterns,1825,435
8,chapters/08-testing-quality.qmd,3,Meaningful Coverage Strategy,meaningful-coverage-strategy,1871,436
8,chapters/08-testing-quality.qmd,2,Test Planning and Documentation,test-planning-and-documentation,1895,437
8,chapters/08-testing-quality.qmd,3,Test Plan,test-plan,1899,438
8,chapters/08-testing-quality.qmd,3,Test Cases,test-cases,2001,439
8,chapters/08-testing-quality.qmd,3,Bug Reports,bug-reports,2075,440
8,chapters/08-testing-quality.qmd,3,Test Summary Report,test-summary-report,2123,441
8,chapters/08-testing-quality.qmd,2,Continuous Testing and CI Integration,continuous-testing-and-ci-integration,2195,442
8,chapters/08-testing-quality.qmd,3,CI Testing Pipeline,ci-testing-pipeline,2199,443
8,chapters/08-testing-quality.qmd,3,GitHub Actions Configuration,github-actions-configuration,2242,444
8,chapters/08-testing-quality.qmd,3,Test Parallelization,test-parallelization,2347,445
8,chapters/08-testing-quality.qmd,3,Test Reporting,test-reporting,2385,446
8,chapters/08-testing-quality.qmd,2,Performance and Security Testing,performance-and-security-testing,2414,447
8,chapters/08-testing-quality.qmd,3,Performance Testing,performance-testing,2418,448
8,chapters/08-testing-quality.qmd,3,Security Testing,security-testing,2478,449
8,chapters/08-testing-quality.qmd,2,Chapter Summary,chapter-summary,2581,450
8,chapters/08-testing-quality.qmd,2,Key Terms,key-terms,2611,451
8,chapters/08-testing-quality.qmd,2,Review Questions,review-questions,2633,452
8,chapters/08-testing-quality.qmd,2,Hands-On Exercises,hands-on-exercises,2657,453
8,chapters/08-testing-quality.qmd,3,Exercise 8.1: Unit Testing with TDD,exercise-8-1-unit-testing-with-tdd,2659,454
8,chapters/08-testing-quality.qmd,3,Exercise 8.2: Integration Testing,exercise-8-2-integration-testing,2676,455
8,chapters/08-testing-quality.qmd,3,Exercise 8.3: E2E Testing,exercise-8-3-e2e-testing,2688,456
8,chapters/08-testing-quality.qmd,3,Exercise 8.4: Test Coverage Analysis,exercise-8-4-test-coverage-analysis,2698,457
8,chapters/08-testing-quality.qmd,3,Exercise 8.5: Mocking Practice,exercise-8-5-mocking-practice,2708,458
8,chapters/08-testing-quality.qmd,3,Exercise 8.6: Test Plan Creation,exercise-8-6-test-plan-creation,2720,459
8,chapters/08-testing-quality.qmd,3,Exercise 8.7: CI Testing Pipeline,exercise-8-7-ci-testing-pipeline,2730,460
8,chapters/08-testing-quality.qmd,2,Further Reading,further-reading,2742,461
8,chapters/08-testing-quality.qmd,2,References,references,2769,462
9,chapters/09-cicd.qmd,1,Continuous Integration and Continuous Deployment,continuous-integration-and-continuous-deployment,1,463
9,chapters/09-cicd.qmd,2,Learning Objectives,learning-objectives,3,464
9,chapters/09-cicd.qmd,2,The Evolution of Software Delivery,the-evolution-of-software-delivery,19,465
9,chapters/09-cicd.qmd,3,The Old Way: Manual Releases,the-old-way-manual-releases,23,466
9,chapters/09-cicd.qmd,3,The CI/CD Revolution,the-ci-cd-revolution,80,467
9,chapters/09-cicd.qmd,3,Key Terminology,key-terminology,120,468
9,chapters/09-cicd.qmd,2,Continuous Integration Fundamentals,continuous-integration-fundamentals,177,469
9,chapters/09-cicd.qmd,3,Core CI Practices,core-ci-practices,181,470
9,chapters/09-cicd.qmd,3,The CI Feedback Loop,the-ci-feedback-loop,361,471
9,chapters/09-cicd.qmd,3,CI Anti-Patterns,ci-anti-patterns,391,472
9,chapters/09-cicd.qmd,2,Building CI Pipelines with GitHub Actions,building-ci-pipelines-with-github-actions,435,473
9,chapters/09-cicd.qmd,3,GitHub Actions Concepts,github-actions-concepts,439,474
9,chapters/09-cicd.qmd,3,Basic Workflow Structure,basic-workflow-structure,493,475
9,chapters/09-cicd.qmd,3,Complete CI Pipeline Example,complete-ci-pipeline-example,532,476
9,chapters/09-cicd.qmd,3,Workflow Triggers,workflow-triggers,792,477
9,chapters/09-cicd.qmd,3,Job Dependencies and Parallelization,job-dependencies-and-parallelization,841,478
9,chapters/09-cicd.qmd,3,Matrix Builds,matrix-builds,898,479
9,chapters/09-cicd.qmd,3,Caching Dependencies,caching-dependencies,939,480
9,chapters/09-cicd.qmd,3,Secrets and Environment Variables,secrets-and-environment-variables,984,481
9,chapters/09-cicd.qmd,2,Continuous Deployment Strategies,continuous-deployment-strategies,1040,482
9,chapters/09-cicd.qmd,3,Deployment Strategies Overview,deployment-strategies-overview,1044,483
9,chapters/09-cicd.qmd,3,Recreate Deployment,recreate-deployment,1079,484
9,chapters/09-cicd.qmd,3,Rolling Deployment,rolling-deployment,1122,485
9,chapters/09-cicd.qmd,3,Blue-Green Deployment,blue-green-deployment,1188,486
9,chapters/09-cicd.qmd,3,Canary Deployment,canary-deployment,1271,487
9,chapters/09-cicd.qmd,3,Feature Flags,feature-flags,1382,488
9,chapters/09-cicd.qmd,2,Environment Management,environment-management,1453,489
9,chapters/09-cicd.qmd,3,Environment Hierarchy,environment-hierarchy,1457,490
9,chapters/09-cicd.qmd,3,Environment Configuration,environment-configuration,1496,491
9,chapters/09-cicd.qmd,3,GitHub Actions Environments,github-actions-environments,1587,492
9,chapters/09-cicd.qmd,3,Secrets Management,secrets-management,1649,493
9,chapters/09-cicd.qmd,2,Infrastructure as Code,infrastructure-as-code,1710,494
9,chapters/09-cicd.qmd,3,Why Infrastructure as Code?,why-infrastructure-as-code,1714,495
9,chapters/09-cicd.qmd,3,Docker for Application Infrastructure,docker-for-application-infrastructure,1733,496
9,chapters/09-cicd.qmd,3,Terraform for Cloud Infrastructure,terraform-for-cloud-infrastructure,1843,497
9,chapters/09-cicd.qmd,3,CI/CD for Infrastructure,ci-cd-for-infrastructure,1996,498
9,chapters/09-cicd.qmd,2,Deployment Automation,deployment-automation,2080,499
9,chapters/09-cicd.qmd,3,Complete Deployment Pipeline,complete-deployment-pipeline,2082,500
9,chapters/09-cicd.qmd,3,Database Migrations in CI/CD,database-migrations-in-ci-cd,2263,501
9,chapters/09-cicd.qmd,3,Rollback Procedures,rollback-procedures,2335,502
9,chapters/09-cicd.qmd,2,Monitoring and Observability,monitoring-and-observability,2427,503
9,chapters/09-cicd.qmd,3,The Three Pillars of Observability,the-three-pillars-of-observability,2431,504
9,chapters/09-cicd.qmd,3,Key Metrics to Monitor,key-metrics-to-monitor,2462,505
9,chapters/09-cicd.qmd,3,Health Checks,health-checks,2495,506
9,chapters/09-cicd.qmd,3,Post-Deployment Verification,post-deployment-verification,2563,507
9,chapters/09-cicd.qmd,3,Alerting,alerting,2608,508
9,chapters/09-cicd.qmd,2,Troubleshooting CI/CD,troubleshooting-ci-cd,2645,509
9,chapters/09-cicd.qmd,3,Common Issues and Solutions,common-issues-and-solutions,2647,510
9,chapters/09-cicd.qmd,3,Debugging Techniques,debugging-techniques,2719,511
9,chapters/09-cicd.qmd,3,CI/CD Best Practices Checklist,ci-cd-best-practices-checklist,2768,512
9,chapters/09-cicd.qmd,2,Chapter Summary,chapter-summary,2819,513
9,chapters/09-cicd.qmd,2,Key Terms,key-terms,2845,514
9,chapters/09-cicd.qmd,2,Review Questions,review-questions,2867,515
9,chapters/09-cicd.qmd,2,Hands-On Exercises,hands-on-exercises,2891,516
9,chapters/09-cicd.qmd,3,Exercise 9.1: Basic CI Pipeline,exercise-9-1-basic-ci-pipeline,2893,517
9,chapters/09-cicd.qmd,3,Exercise 9.2: Matrix Testing,exercise-9-2-matrix-testing,2906,518
9,chapters/09-cicd.qmd,3,Exercise 9.3: Automated Deployment,exercise-9-3-automated-deployment,2915,519
9,chapters/09-cicd.qmd,3,Exercise 9.4: Docker and CI,exercise-9-4-docker-and-ci,2925,520
9,chapters/09-cicd.qmd,3,Exercise 9.5: Health Checks and Monitoring,exercise-9-5-health-checks-and-monitoring,2935,521
9,chapters/09-cicd.qmd,3,Exercise 9.6: Rollback Procedure,exercise-9-6-rollback-procedure,2945,522
9,chapters/09-cicd.qmd,3,Exercise 9.7: Complete CI/CD Pipeline,exercise-9-7-complete-ci-cd-pipeline,2955,523
9,chapters/09-cicd.qmd,2,Further Reading,further-reading,2969,524
9,chapters/09-cicd.qmd,2,References,references,2995,525
10,chapters/10-data-management.qmd,1,Data Management and APIs,data-management-and-apis,1,526
10,chapters/10-data-management.qmd,2,Learning Objectives,learning-objectives,3,527
10,chapters/10-data-management.qmd,2,The Role of Data in Software Systems,the-role-of-data-in-software-systems,20,528
10,chapters/10-data-management.qmd,3,Data Architecture Overview,data-architecture-overview,26,529
10,chapters/10-data-management.qmd,3,Key Data Management Concerns,key-data-management-concerns,64,530
10,chapters/10-data-management.qmd,2,Relational Databases,relational-databases,80,531
10,chapters/10-data-management.qmd,3,Core Concepts,core-concepts,84,532
10,chapters/10-data-management.qmd,3,SQL Fundamentals,sql-fundamentals,167,533
10,chapters/10-data-management.qmd,4,Data Definition Language (DDL),data-definition-language-ddl,173,534
10,chapters/10-data-management.qmd,4,Data Manipulation Language (DML),data-manipulation-language-dml,248,535
10,chapters/10-data-management.qmd,4,Joining Tables,joining-tables,364,536
10,chapters/10-data-management.qmd,4,Aggregations and Subqueries,aggregations-and-subqueries,417,537
10,chapters/10-data-management.qmd,3,Database Normalization,database-normalization,499,538
10,chapters/10-data-management.qmd,3,Transactions and ACID Properties,transactions-and-acid-properties,601,539
10,chapters/10-data-management.qmd,2,NoSQL Databases,nosql-databases,709,540
10,chapters/10-data-management.qmd,3,Types of NoSQL Databases,types-of-nosql-databases,715,541
10,chapters/10-data-management.qmd,3,Document Databases (MongoDB),document-databases-mongodb,751,542
10,chapters/10-data-management.qmd,3,Key-Value Stores (Redis),key-value-stores-redis,888,543
10,chapters/10-data-management.qmd,3,Choosing Between SQL and NoSQL,choosing-between-sql-and-nosql,1049,544
10,chapters/10-data-management.qmd,2,RESTful API Design,restful-api-design,1099,545
10,chapters/10-data-management.qmd,3,REST Principles,rest-principles,1103,546
10,chapters/10-data-management.qmd,3,Resource-Oriented Design,resource-oriented-design,1139,547
10,chapters/10-data-management.qmd,3,HTTP Methods and CRUD Operations,http-methods-and-crud-operations,1195,548
10,chapters/10-data-management.qmd,3,HTTP Status Codes,http-status-codes,1245,549
10,chapters/10-data-management.qmd,3,Implementing a RESTful API,implementing-a-restful-api,1286,550
10,chapters/10-data-management.qmd,3,Response Structure,response-structure,1555,551
10,chapters/10-data-management.qmd,2,GraphQL,graphql,1601,552
10,chapters/10-data-management.qmd,3,The Problem GraphQL Solves,the-problem-graphql-solves,1605,553
10,chapters/10-data-management.qmd,3,GraphQL Schema,graphql-schema,1640,554
10,chapters/10-data-management.qmd,3,Writing GraphQL Queries,writing-graphql-queries,1773,555
10,chapters/10-data-management.qmd,3,GraphQL Mutations,graphql-mutations,1908,556
10,chapters/10-data-management.qmd,3,Implementing GraphQL Resolvers,implementing-graphql-resolvers,1955,557
10,chapters/10-data-management.qmd,3,The N+1 Problem and DataLoader,the-n-1-problem-and-dataloader,2100,558
10,chapters/10-data-management.qmd,2,API Documentation,api-documentation,2165,559
10,chapters/10-data-management.qmd,3,OpenAPI Specification,openapi-specification,2169,560
10,chapters/10-data-management.qmd,3,Serving Documentation,serving-documentation,2296,561
10,chapters/10-data-management.qmd,2,Data Validation,data-validation,2317,562
10,chapters/10-data-management.qmd,3,Validation with Joi,validation-with-joi,2321,563
10,chapters/10-data-management.qmd,3,Centralized Error Handling,centralized-error-handling,2409,564
10,chapters/10-data-management.qmd,2,API Security,api-security,2491,565
10,chapters/10-data-management.qmd,3,Authentication with JWT,authentication-with-jwt,2495,566
10,chapters/10-data-management.qmd,3,Rate Limiting,rate-limiting,2571,567
10,chapters/10-data-management.qmd,2,Caching Strategies,caching-strategies,2611,568
10,chapters/10-data-management.qmd,3,Cache-Aside Pattern,cache-aside-pattern,2615,569
10,chapters/10-data-management.qmd,3,Cache Invalidation Challenges,cache-invalidation-challenges,2691,570
10,chapters/10-data-management.qmd,2,Chapter Summary,chapter-summary,2710,571
10,chapters/10-data-management.qmd,2,Key Terms,key-terms,2734,572
10,chapters/10-data-management.qmd,2,Review Questions,review-questions,2756,573
10,chapters/10-data-management.qmd,2,Hands-On Exercises,hands-on-exercises,2780,574
10,chapters/10-data-management.qmd,3,Exercise 10.1: Database Design,exercise-10-1-database-design,2782,575
10,chapters/10-data-management.qmd,3,Exercise 10.2: SQL Query Practice,exercise-10-2-sql-query-practice,2793,576
10,chapters/10-data-management.qmd,3,Exercise 10.3: REST API Implementation,exercise-10-3-rest-api-implementation,2803,577
10,chapters/10-data-management.qmd,3,Exercise 10.4: API Documentation,exercise-10-4-api-documentation,2813,578
10,chapters/10-data-management.qmd,3,Exercise 10.5: Caching Implementation,exercise-10-5-caching-implementation,2823,579
10,chapters/10-data-management.qmd,3,Exercise 10.6: GraphQL Alternative,exercise-10-6-graphql-alternative,2833,580
10,chapters/10-data-management.qmd,2,Further Reading,further-reading,2844,581
10,chapters/10-data-management.qmd,2,References,references,2862,582
11,chapters/11-cloud-services.qmd,1,Cloud Services and Deployment,cloud-services-and-deployment,1,583
11,chapters/11-cloud-services.qmd,2,Learning Objectives,learning-objectives,3,584
11,chapters/11-cloud-services.qmd,2,The Cloud Computing Revolution,the-cloud-computing-revolution,18,585
11,chapters/11-cloud-services.qmd,3,What is Cloud Computing?,what-is-cloud-computing,26,586
11,chapters/11-cloud-services.qmd,3,Cloud Service Models,cloud-service-models,64,587
11,chapters/11-cloud-services.qmd,3,Major Cloud Providers,major-cloud-providers,116,588
11,chapters/11-cloud-services.qmd,2,Core Cloud Services,core-cloud-services,153,589
11,chapters/11-cloud-services.qmd,3,Compute Services,compute-services,157,590
11,chapters/11-cloud-services.qmd,3,Storage Services,storage-services,195,591
11,chapters/11-cloud-services.qmd,3,Database Services,database-services,246,592
11,chapters/11-cloud-services.qmd,3,Networking Services,networking-services,311,593
11,chapters/11-cloud-services.qmd,2,Containerization with Docker,containerization-with-docker,409,594
11,chapters/11-cloud-services.qmd,3,The Problem Containers Solve,the-problem-containers-solve,413,595
11,chapters/11-cloud-services.qmd,3,Docker Fundamentals,docker-fundamentals,447,596
11,chapters/11-cloud-services.qmd,3,Docker Compose for Local Development,docker-compose-for-local-development,566,597
11,chapters/11-cloud-services.qmd,3,Container Best Practices,container-best-practices,681,598
11,chapters/11-cloud-services.qmd,2,Container Orchestration with Kubernetes,container-orchestration-with-kubernetes,755,599
11,chapters/11-cloud-services.qmd,3,Why Kubernetes?,why-kubernetes,759,600
11,chapters/11-cloud-services.qmd,3,Core Kubernetes Concepts,core-kubernetes-concepts,805,601
11,chapters/11-cloud-services.qmd,3,Deploying to Kubernetes,deploying-to-kubernetes,1009,602
11,chapters/11-cloud-services.qmd,3,Horizontal Pod Autoscaling,horizontal-pod-autoscaling,1063,603
11,chapters/11-cloud-services.qmd,3,Managed Kubernetes Services,managed-kubernetes-services,1126,604
11,chapters/11-cloud-services.qmd,2,Serverless Computing,serverless-computing,1163,605
11,chapters/11-cloud-services.qmd,3,What is Serverless?,what-is-serverless,1167,606
11,chapters/11-cloud-services.qmd,3,AWS Lambda,aws-lambda,1200,607
11,chapters/11-cloud-services.qmd,3,Infrastructure as Code for Lambda,infrastructure-as-code-for-lambda,1328,608
11,chapters/11-cloud-services.qmd,3,Serverless Patterns,serverless-patterns,1469,609
11,chapters/11-cloud-services.qmd,3,When to Use Serverless,when-to-use-serverless,1613,610
11,chapters/11-cloud-services.qmd,2,Infrastructure as Code,infrastructure-as-code,1663,611
11,chapters/11-cloud-services.qmd,3,Benefits of Infrastructure as Code,benefits-of-infrastructure-as-code,1667,612
11,chapters/11-cloud-services.qmd,3,Terraform,terraform,1701,613
11,chapters/11-cloud-services.qmd,3,Terraform Workflow,terraform-workflow,1962,614
11,chapters/11-cloud-services.qmd,3,Terraform Best Practices,terraform-best-practices,1994,615
11,chapters/11-cloud-services.qmd,2,Cloud Security Best Practices,cloud-security-best-practices,2030,616
11,chapters/11-cloud-services.qmd,3,Identity and Access Management,identity-and-access-management,2034,617
11,chapters/11-cloud-services.qmd,3,Secrets Management,secrets-management,2100,618
11,chapters/11-cloud-services.qmd,3,Network Security,network-security,2150,619
11,chapters/11-cloud-services.qmd,2,Cost Optimization,cost-optimization,2184,620
11,chapters/11-cloud-services.qmd,3,Understanding Cloud Pricing,understanding-cloud-pricing,2188,621
11,chapters/11-cloud-services.qmd,3,Cost Optimization Strategies,cost-optimization-strategies,2197,622
11,chapters/11-cloud-services.qmd,2,Chapter Summary,chapter-summary,2278,623
11,chapters/11-cloud-services.qmd,2,Key Terms,key-terms,2298,624
11,chapters/11-cloud-services.qmd,2,Review Questions,review-questions,2320,625
11,chapters/11-cloud-services.qmd,2,Hands-On Exercises,hands-on-exercises,2344,626
11,chapters/11-cloud-services.qmd,3,Exercise 11.1: Containerize Your Application,exercise-11-1-containerize-your-application,2346,627
11,chapters/11-cloud-services.qmd,3,Exercise 11.2: Deploy to Kubernetes,exercise-11-2-deploy-to-kubernetes,2357,628
11,chapters/11-cloud-services.qmd,3,Exercise 11.3: Serverless Function,exercise-11-3-serverless-function,2368,629
11,chapters/11-cloud-services.qmd,3,Exercise 11.4: Infrastructure as Code,exercise-11-4-infrastructure-as-code,2378,630
11,chapters/11-cloud-services.qmd,3,Exercise 11.5: Security Audit,exercise-11-5-security-audit,2388,631
11,chapters/11-cloud-services.qmd,3,Exercise 11.6: Cost Analysis,exercise-11-6-cost-analysis,2398,632
11,chapters/11-cloud-services.qmd,2,Further Reading,further-reading,2410,633
11,chapters/11-cloud-services.qmd,2,References,references,2428,634
12,chapters/12-security.qmd,1,Software Security,software-security,1,635
12,chapters/12-security.qmd,2,Learning Objectives,learning-objectives,3,636
12,chapters/12-security.qmd,2,The Imperative of Software Security,the-imperative-of-software-security,20,637
12,chapters/12-security.qmd,3,The Cost of Security Failures,the-cost-of-security-failures,26,638
12,chapters/12-security.qmd,3,Security Principles,security-principles,40,639
12,chapters/12-security.qmd,3,The Security Mindset,the-security-mindset,90,640
12,chapters/12-security.qmd,2,OWASP Top 10 Web Application Vulnerabilities,owasp-top-10-web-application-vulnerabilities,108,641
12,chapters/12-security.qmd,3,A01: Broken Access Control,a01-broken-access-control,114,642
12,chapters/12-security.qmd,4,Understanding Access Control Failures,understanding-access-control-failures,120,643
12,chapters/12-security.qmd,4,Implementing Proper Access Control,implementing-proper-access-control,132,644
12,chapters/12-security.qmd,3,A02: Cryptographic Failures,a02-cryptographic-failures,302,645
12,chapters/12-security.qmd,4,Understanding Cryptographic Requirements,understanding-cryptographic-requirements,306,646
12,chapters/12-security.qmd,4,Password Hashing Done Right,password-hashing-done-right,316,647
12,chapters/12-security.qmd,4,Encrypting Sensitive Data,encrypting-sensitive-data,360,648
12,chapters/12-security.qmd,3,A03: Injection,a03-injection,420,649
12,chapters/12-security.qmd,4,Understanding SQL Injection,understanding-sql-injection,426,650
12,chapters/12-security.qmd,4,Preventing SQL Injection,preventing-sql-injection,477,651
12,chapters/12-security.qmd,4,Command Injection,command-injection,521,652
12,chapters/12-security.qmd,3,A04: Insecure Design,a04-insecure-design,565,653
12,chapters/12-security.qmd,4,Design-Level Security Thinking,design-level-security-thinking,571,654
12,chapters/12-security.qmd,4,Secure Design for Password Reset,secure-design-for-password-reset,581,655
12,chapters/12-security.qmd,3,A05: Security Misconfiguration,a05-security-misconfiguration,741,656
12,chapters/12-security.qmd,4,Common Misconfiguration Patterns,common-misconfiguration-patterns,747,657
12,chapters/12-security.qmd,4,Secure Configuration,secure-configuration,759,658
12,chapters/12-security.qmd,3,A06: Vulnerable and Outdated Components,a06-vulnerable-and-outdated-components,869,659
12,chapters/12-security.qmd,4,The Scale of the Problem,the-scale-of-the-problem,873,660
12,chapters/12-security.qmd,4,Managing Dependency Security,managing-dependency-security,885,661
12,chapters/12-security.qmd,3,A07: Identification and Authentication Failures,a07-identification-and-authentication-failures,971,662
12,chapters/12-security.qmd,4,Password Policies,password-policies,975,663
12,chapters/12-security.qmd,4,Brute Force Protection,brute-force-protection,1025,664
12,chapters/12-security.qmd,4,Secure Session Management,secure-session-management,1073,665
12,chapters/12-security.qmd,3,A08: Software and Data Integrity Failures,a08-software-and-data-integrity-failures,1094,666
12,chapters/12-security.qmd,4,Supply Chain Security,supply-chain-security,1098,667
12,chapters/12-security.qmd,4,Unsafe Deserialization,unsafe-deserialization,1130,668
12,chapters/12-security.qmd,3,A09: Security Logging and Monitoring Failures,a09-security-logging-and-monitoring-failures,1169,669
12,chapters/12-security.qmd,4,What to Log,what-to-log,1173,670
12,chapters/12-security.qmd,4,How to Log Securely,how-to-log-securely,1187,671
12,chapters/12-security.qmd,4,Monitoring and Alerting,monitoring-and-alerting,1230,672
12,chapters/12-security.qmd,3,A10: Server-Side Request Forgery (SSRF),a10-server-side-request-forgery-ssrf,1251,673
12,chapters/12-security.qmd,4,Understanding SSRF,understanding-ssrf,1255,674
12,chapters/12-security.qmd,4,Preventing SSRF,preventing-ssrf,1274,675
12,chapters/12-security.qmd,2,Input Validation and Sanitization,input-validation-and-sanitization,1341,676
12,chapters/12-security.qmd,3,Validation Strategies,validation-strategies,1347,677
12,chapters/12-security.qmd,3,Comprehensive Validation with Joi,comprehensive-validation-with-joi,1394,678
12,chapters/12-security.qmd,3,Output Encoding,output-encoding,1470,679
12,chapters/12-security.qmd,2,Security Headers,security-headers,1518,680
12,chapters/12-security.qmd,3,Content Security Policy,content-security-policy,1522,681
12,chapters/12-security.qmd,3,Other Essential Headers,other-essential-headers,1571,682
12,chapters/12-security.qmd,2,Security Testing,security-testing,1605,683
12,chapters/12-security.qmd,3,Types of Security Testing,types-of-security-testing,1609,684
12,chapters/12-security.qmd,3,Integrating Security Testing into CI/CD,integrating-security-testing-into-ci-cd,1625,685
12,chapters/12-security.qmd,3,Writing Security Tests,writing-security-tests,1669,686
12,chapters/12-security.qmd,2,Incident Response,incident-response,1748,687
12,chapters/12-security.qmd,3,Incident Response Phases,incident-response-phases,1752,688
12,chapters/12-security.qmd,3,Containment Actions,containment-actions,1805,689
12,chapters/12-security.qmd,3,Communication,communication,1819,690
12,chapters/12-security.qmd,2,Chapter Summary,chapter-summary,1831,691
12,chapters/12-security.qmd,2,Key Terms,key-terms,1855,692
12,chapters/12-security.qmd,2,Review Questions,review-questions,1877,693
12,chapters/12-security.qmd,2,Hands-On Exercises,hands-on-exercises,1901,694
12,chapters/12-security.qmd,3,Exercise 12.1: Security Audit,exercise-12-1-security-audit,1903,695
12,chapters/12-security.qmd,3,Exercise 12.2: Implement OWASP Protections,exercise-12-2-implement-owasp-protections,1913,696
12,chapters/12-security.qmd,3,Exercise 12.3: Security Testing Suite,exercise-12-3-security-testing-suite,1923,697
12,chapters/12-security.qmd,3,Exercise 12.4: Dependency Security Pipeline,exercise-12-4-dependency-security-pipeline,1933,698
12,chapters/12-security.qmd,3,Exercise 12.5: Security Logging Implementation,exercise-12-5-security-logging-implementation,1943,699
12,chapters/12-security.qmd,3,Exercise 12.6: Incident Response Plan,exercise-12-6-incident-response-plan,1953,700
12,chapters/12-security.qmd,2,Further Reading,further-reading,1965,701
12,chapters/12-security.qmd,2,References,references,1982,702
13,chapters/13-maintenance-evolution.qmd,1,Software Maintenance and Evolution,software-maintenance-and-evolution,1,703
13,chapters/13-maintenance-evolution.qmd,2,Learning Objectives,learning-objectives,3,704
13,chapters/13-maintenance-evolution.qmd,2,The Reality of Software Maintenance,the-reality-of-software-maintenance,19,705
13,chapters/13-maintenance-evolution.qmd,3,Types of Software Maintenance,types-of-software-maintenance,27,706
13,chapters/13-maintenance-evolution.qmd,3,The Maintenance Mindset,the-maintenance-mindset,76,707
13,chapters/13-maintenance-evolution.qmd,3,Measuring Maintainability,measuring-maintainability,88,708
13,chapters/13-maintenance-evolution.qmd,2,Technical Debt,technical-debt,120,709
13,chapters/13-maintenance-evolution.qmd,3,Sources of Technical Debt,sources-of-technical-debt,126,710
13,chapters/13-maintenance-evolution.qmd,3,Manifestations of Technical Debt,manifestations-of-technical-debt,167,711
13,chapters/13-maintenance-evolution.qmd,3,The Interest Payments,the-interest-payments,185,712
13,chapters/13-maintenance-evolution.qmd,3,Managing Technical Debt,managing-technical-debt,234,713
13,chapters/13-maintenance-evolution.qmd,2,Refactoring,refactoring,278,714
13,chapters/13-maintenance-evolution.qmd,3,Why Refactoring Matters,why-refactoring-matters,284,715
13,chapters/13-maintenance-evolution.qmd,3,When to Refactor,when-to-refactor,292,716
13,chapters/13-maintenance-evolution.qmd,3,Refactoring Techniques,refactoring-techniques,306,717
13,chapters/13-maintenance-evolution.qmd,4,Extract Function,extract-function,310,718
13,chapters/13-maintenance-evolution.qmd,4,Replace Conditional with Polymorphism,replace-conditional-with-polymorphism,477,719
13,chapters/13-maintenance-evolution.qmd,4,Introduce Parameter Object,introduce-parameter-object,624,720
13,chapters/13-maintenance-evolution.qmd,3,Refactoring Safely,refactoring-safely,755,721
13,chapters/13-maintenance-evolution.qmd,2,Working with Legacy Systems,working-with-legacy-systems,771,722
13,chapters/13-maintenance-evolution.qmd,3,Understanding Legacy Challenges,understanding-legacy-challenges,777,723
13,chapters/13-maintenance-evolution.qmd,3,Strategies for Legacy Evolution,strategies-for-legacy-evolution,791,724
13,chapters/13-maintenance-evolution.qmd,3,Managing Risk During Legacy Evolution,managing-risk-during-legacy-evolution,977,725
13,chapters/13-maintenance-evolution.qmd,2,Documentation,documentation,1020,726
13,chapters/13-maintenance-evolution.qmd,3,Types of Documentation,types-of-documentation,1024,727
13,chapters/13-maintenance-evolution.qmd,3,Architectural Decision Records,architectural-decision-records,1061,728
13,chapters/13-maintenance-evolution.qmd,3,Code Comments,code-comments,1135,729
13,chapters/13-maintenance-evolution.qmd,3,README Files,readme-files,1202,730
13,chapters/13-maintenance-evolution.qmd,2,Requirements,requirements,1232,731
13,chapters/13-maintenance-evolution.qmd,2,Project Structure,project-structure,1238,732
13,chapters/13-maintenance-evolution.qmd,2,Configuration,configuration,1254,733
13,chapters/13-maintenance-evolution.qmd,2,API Documentation,api-documentation,1265,734
13,chapters/13-maintenance-evolution.qmd,2,Development,development,1271,735
13,chapters/13-maintenance-evolution.qmd,3,Running Tests,running-tests,1273,736
13,chapters/13-maintenance-evolution.qmd,3,Code Style,code-style,1286,737
13,chapters/13-maintenance-evolution.qmd,3,Commit Messages,commit-messages,1290,738
13,chapters/13-maintenance-evolution.qmd,2,Contributing,contributing,1298,739
13,chapters/13-maintenance-evolution.qmd,2,License,license,1302,740
13,chapters/13-maintenance-evolution.qmd,3,Change Management,change-management,1359,741
13,chapters/13-maintenance-evolution.qmd,3,Configuration Changes,configuration-changes,1422,742
13,chapters/13-maintenance-evolution.qmd,2,Deprecated Features Removed,deprecated-features-removed,1440,743
13,chapters/13-maintenance-evolution.qmd,3,API Versioning,api-versioning,1501,744
13,chapters/13-maintenance-evolution.qmd,2,Designing for Maintainability,designing-for-maintainability,1537,745
13,chapters/13-maintenance-evolution.qmd,3,Principles for Maintainable Design,principles-for-maintainable-design,1541,746
13,chapters/13-maintenance-evolution.qmd,3,Structural Patterns for Maintainability,structural-patterns-for-maintainability,1551,747
13,chapters/13-maintenance-evolution.qmd,3,Testing for Maintainability,testing-for-maintainability,1637,748
13,chapters/13-maintenance-evolution.qmd,2,Chapter Summary,chapter-summary,1696,749
13,chapters/13-maintenance-evolution.qmd,2,Key Terms,key-terms,1720,750
13,chapters/13-maintenance-evolution.qmd,2,Review Questions,review-questions,1741,751
13,chapters/13-maintenance-evolution.qmd,2,Hands-On Exercises,hands-on-exercises,1765,752
13,chapters/13-maintenance-evolution.qmd,3,Exercise 13.1: Technical Debt Audit,exercise-13-1-technical-debt-audit,1767,753
13,chapters/13-maintenance-evolution.qmd,3,Exercise 13.2: Refactoring Practice,exercise-13-2-refactoring-practice,1778,754
13,chapters/13-maintenance-evolution.qmd,3,Exercise 13.3: Documentation Improvement,exercise-13-3-documentation-improvement,1789,755
13,chapters/13-maintenance-evolution.qmd,3,Exercise 13.4: Legacy Code Characterization,exercise-13-4-legacy-code-characterization,1799,756
13,chapters/13-maintenance-evolution.qmd,3,Exercise 13.5: Version Management,exercise-13-5-version-management,1809,757
13,chapters/13-maintenance-evolution.qmd,3,Exercise 13.6: Maintainability Metrics,exercise-13-6-maintainability-metrics,1819,758
13,chapters/13-maintenance-evolution.qmd,2,Further Reading,further-reading,1831,759
13,chapters/13-maintenance-evolution.qmd,2,References,references,1848,760
14,chapters/14-ethics-professionalism.qmd,1,Professional Practice and Ethics,professional-practice-and-ethics,1,761
14,chapters/14-ethics-professionalism.qmd,2,Learning Objectives,learning-objectives,3,762
14,chapters/14-ethics-professionalism.qmd,2,The Ethical Dimension of Software Engineering,the-ethical-dimension-of-software-engineering,18,763
14,chapters/14-ethics-professionalism.qmd,3,Why Ethics Matter in Software,why-ethics-matter-in-software,24,764
14,chapters/14-ethics-professionalism.qmd,3,Ethical Reasoning Frameworks,ethical-reasoning-frameworks,44,765
14,chapters/14-ethics-professionalism.qmd,3,Professional Codes of Ethics,professional-codes-of-ethics,120,766
14,chapters/14-ethics-professionalism.qmd,3,Applying Ethics in Practice,applying-ethics-in-practice,151,767
14,chapters/14-ethics-professionalism.qmd,2,Intellectual Property and Licensing,intellectual-property-and-licensing,185,768
14,chapters/14-ethics-professionalism.qmd,3,Types of Intellectual Property,types-of-intellectual-property,189,769
14,chapters/14-ethics-professionalism.qmd,3,Open Source Licensing,open-source-licensing,207,770
14,chapters/14-ethics-professionalism.qmd,3,License Compatibility and Compliance,license-compatibility-and-compliance,273,771
14,chapters/14-ethics-professionalism.qmd,3,Practical License Management,practical-license-management,307,772
14,chapters/14-ethics-professionalism.qmd,3,Choosing a License for Your Code,choosing-a-license-for-your-code,323,773
14,chapters/14-ethics-professionalism.qmd,2,Team Dynamics and Collaboration,team-dynamics-and-collaboration,341,774
14,chapters/14-ethics-professionalism.qmd,3,Effective Development Teams,effective-development-teams,345,775
14,chapters/14-ethics-professionalism.qmd,3,Roles and Responsibilities,roles-and-responsibilities,361,776
14,chapters/14-ethics-professionalism.qmd,3,Communication Practices,communication-practices,415,777
14,chapters/14-ethics-professionalism.qmd,3,Conflict Resolution,conflict-resolution,441,778
14,chapters/14-ethics-professionalism.qmd,3,Working with Non-Technical Stakeholders,working-with-non-technical-stakeholders,472,779
14,chapters/14-ethics-professionalism.qmd,2,Career Development,career-development,488,780
14,chapters/14-ethics-professionalism.qmd,3,The Learning Imperative,the-learning-imperative,492,781
14,chapters/14-ethics-professionalism.qmd,3,Career Paths,career-paths,506,782
14,chapters/14-ethics-professionalism.qmd,3,Building Your Professional Network,building-your-professional-network,520,783
14,chapters/14-ethics-professionalism.qmd,3,Navigating Organizational Dynamics,navigating-organizational-dynamics,532,784
14,chapters/14-ethics-professionalism.qmd,3,Work-Life Balance and Sustainability,work-life-balance-and-sustainability,546,785
14,chapters/14-ethics-professionalism.qmd,2,Legal and Regulatory Considerations,legal-and-regulatory-considerations,562,786
14,chapters/14-ethics-professionalism.qmd,3,Privacy Regulations,privacy-regulations,566,787
14,chapters/14-ethics-professionalism.qmd,3,Accessibility Requirements,accessibility-requirements,597,788
14,chapters/14-ethics-professionalism.qmd,3,Industry-Specific Regulations,industry-specific-regulations,620,789
14,chapters/14-ethics-professionalism.qmd,3,Liability and Professional Responsibility,liability-and-professional-responsibility,634,790
14,chapters/14-ethics-professionalism.qmd,2,Emerging Ethical Challenges,emerging-ethical-challenges,648,791
14,chapters/14-ethics-professionalism.qmd,3,Artificial Intelligence Ethics,artificial-intelligence-ethics,652,792
14,chapters/14-ethics-professionalism.qmd,3,Sustainability and Environmental Impact,sustainability-and-environmental-impact,668,793
14,chapters/14-ethics-professionalism.qmd,3,Security and Dual Use,security-and-dual-use,686,794
14,chapters/14-ethics-professionalism.qmd,2,Building an Ethical Practice,building-an-ethical-practice,698,795
14,chapters/14-ethics-professionalism.qmd,3,Personal Ethical Practice,personal-ethical-practice,702,796
14,chapters/14-ethics-professionalism.qmd,3,Organizational Ethical Practice,organizational-ethical-practice,714,797
14,chapters/14-ethics-professionalism.qmd,3,When to Walk Away,when-to-walk-away,726,798
14,chapters/14-ethics-professionalism.qmd,2,Chapter Summary,chapter-summary,748,799
14,chapters/14-ethics-professionalism.qmd,2,Key Terms,key-terms,774,800
14,chapters/14-ethics-professionalism.qmd,2,Review Questions,review-questions,795,801
14,chapters/14-ethics-professionalism.qmd,2,Hands-On Exercises,hands-on-exercises,820,802
14,chapters/14-ethics-professionalism.qmd,3,Exercise 14.1: Ethical Case Analysis,exercise-14-1-ethical-case-analysis,822,803
14,chapters/14-ethics-professionalism.qmd,3,Exercise 14.2: License Audit,exercise-14-2-license-audit,833,804
14,chapters/14-ethics-professionalism.qmd,3,Exercise 14.3: Accessibility Evaluation,exercise-14-3-accessibility-evaluation,844,805
14,chapters/14-ethics-professionalism.qmd,3,Exercise 14.4: Team Retrospective,exercise-14-4-team-retrospective,855,806
14,chapters/14-ethics-professionalism.qmd,3,Exercise 14.5: Career Development Plan,exercise-14-5-career-development-plan,866,807
14,chapters/14-ethics-professionalism.qmd,3,Exercise 14.6: Ethics in Design,exercise-14-6-ethics-in-design,877,808
14,chapters/14-ethics-professionalism.qmd,2,Further Reading,further-reading,890,809
14,chapters/14-ethics-professionalism.qmd,2,References,references,909,810
15,chapters/15-final-project-integration.qmd,1,Final Project Integration and Course Synthesis,final-project-integration-and-course-synthesis,1,811
15,chapters/15-final-project-integration.qmd,2,Learning Objectives,learning-objectives,3,812
15,chapters/15-final-project-integration.qmd,2,The Integration Challenge,the-integration-challenge,18,813
15,chapters/15-final-project-integration.qmd,3,From Learning to Doing,from-learning-to-doing,24,814
15,chapters/15-final-project-integration.qmd,3,Project Integration Principles,project-integration-principles,30,815
15,chapters/15-final-project-integration.qmd,2,Project Completion Strategies,project-completion-strategies,44,816
15,chapters/15-final-project-integration.qmd,3,Assessing Project State,assessing-project-state,48,817
15,chapters/15-final-project-integration.qmd,3,Prioritization Under Pressure,prioritization-under-pressure,98,818
15,chapters/15-final-project-integration.qmd,3,Scope Management,scope-management,115,819
15,chapters/15-final-project-integration.qmd,3,The Final Push,the-final-push,129,820
15,chapters/15-final-project-integration.qmd,2,Polish and Refinement,polish-and-refinement,145,821
15,chapters/15-final-project-integration.qmd,3,User Experience Polish,user-experience-polish,149,822
15,chapters/15-final-project-integration.qmd,3,Code Quality Polish,code-quality-polish,238,823
15,chapters/15-final-project-integration.qmd,3,Documentation Polish,documentation-polish,252,824
15,chapters/15-final-project-integration.qmd,3,Operational Polish,operational-polish,264,825
15,chapters/15-final-project-integration.qmd,2,Comprehensive Testing,comprehensive-testing,278,826
15,chapters/15-final-project-integration.qmd,3,Testing Strategy,testing-strategy,282,827
15,chapters/15-final-project-integration.qmd,3,Final Testing Checklist,final-testing-checklist,331,828
15,chapters/15-final-project-integration.qmd,3,Bug Triage,bug-triage,347,829
15,chapters/15-final-project-integration.qmd,2,Preparing Effective Presentations,preparing-effective-presentations,361,830
15,chapters/15-final-project-integration.qmd,3,Understanding Your Audience,understanding-your-audience,365,831
15,chapters/15-final-project-integration.qmd,3,Structuring Your Presentation,structuring-your-presentation,375,832
15,chapters/15-final-project-integration.qmd,3,The Art of the Demo,the-art-of-the-demo,391,833
15,chapters/15-final-project-integration.qmd,3,Backup Plans,backup-plans,419,834
15,chapters/15-final-project-integration.qmd,3,Handling Questions,handling-questions,433,835
15,chapters/15-final-project-integration.qmd,2,Documentation for Posterity,documentation-for-posterity,449,836
15,chapters/15-final-project-integration.qmd,3,README Excellence,readme-excellence,453,837
15,chapters/15-final-project-integration.qmd,3,Running Tests,running-tests,512,838
15,chapters/15-final-project-integration.qmd,2,Project Structure,project-structure,526,839
15,chapters/15-final-project-integration.qmd,2,API Documentation,api-documentation,543,840
15,chapters/15-final-project-integration.qmd,2,Architecture,architecture,560,841
15,chapters/15-final-project-integration.qmd,2,Known Issues,known-issues,571,842
15,chapters/15-final-project-integration.qmd,2,Future Improvements,future-improvements,577,843
15,chapters/15-final-project-integration.qmd,2,Contributing,contributing,584,844
15,chapters/15-final-project-integration.qmd,2,License,license,588,845
15,chapters/15-final-project-integration.qmd,2,Acknowledgments,acknowledgments,592,846
15,chapters/15-final-project-integration.qmd,2,Key Design Decisions,key-design-decisions,665,847
15,chapters/15-final-project-integration.qmd,3,ADR 001: JWT for Authentication,adr-001-jwt-for-authentication,667,848
15,chapters/15-final-project-integration.qmd,3,ADR 002: Repository Pattern,adr-002-repository-pattern,675,849
15,chapters/15-final-project-integration.qmd,3,ADR 003: WebSocket for Real-time Updates,adr-003-websocket-for-real-time-updates,683,850
15,chapters/15-final-project-integration.qmd,2,Security Architecture,security-architecture,691,851
15,chapters/15-final-project-integration.qmd,2,Course Synthesis,course-synthesis,786,852
15,chapters/15-final-project-integration.qmd,3,The Software Development Lifecycle Revisited,the-software-development-lifecycle-revisited,790,853
15,chapters/15-final-project-integration.qmd,3,Connecting the Concepts,connecting-the-concepts,844,854
15,chapters/15-final-project-integration.qmd,3,Principles That Transcend Specific Technologies,principles-that-transcend-specific-technologies,860,855
15,chapters/15-final-project-integration.qmd,3,What This Course Didn't Cover,what-this-course-didn-t-cover,878,856
15,chapters/15-final-project-integration.qmd,2,Planning Continued Growth,planning-continued-growth,894,857
15,chapters/15-final-project-integration.qmd,3,Immediate Next Steps,immediate-next-steps,898,858
15,chapters/15-final-project-integration.qmd,3,Building on Course Foundation,building-on-course-foundation,910,859
15,chapters/15-final-project-integration.qmd,3,Long-Term Professional Development,long-term-professional-development,922,860
15,chapters/15-final-project-integration.qmd,2,Chapter Summary,chapter-summary,940,861
15,chapters/15-final-project-integration.qmd,2,Key Terms,key-terms,966,862
15,chapters/15-final-project-integration.qmd,2,Review Questions,review-questions,986,863
15,chapters/15-final-project-integration.qmd,2,Hands-On Exercises,hands-on-exercises,1010,864
15,chapters/15-final-project-integration.qmd,3,Exercise 15.1: Project State Assessment,exercise-15-1-project-state-assessment,1012,865
15,chapters/15-final-project-integration.qmd,3,Exercise 15.2: Final Testing Sprint,exercise-15-2-final-testing-sprint,1022,866
15,chapters/15-final-project-integration.qmd,3,Exercise 15.3: Demo Preparation,exercise-15-3-demo-preparation,1032,867
15,chapters/15-final-project-integration.qmd,3,Exercise 15.4: Documentation Sprint,exercise-15-4-documentation-sprint,1042,868
15,chapters/15-final-project-integration.qmd,3,Exercise 15.5: Course Reflection,exercise-15-5-course-reflection,1052,869
15,chapters/15-final-project-integration.qmd,3,Exercise 15.6: Portfolio Preparation,exercise-15-6-portfolio-preparation,1062,870
15,chapters/15-final-project-integration.qmd,2,Final Project Checklist,final-project-checklist,1074,871
15,chapters/15-final-project-integration.qmd,3,Functionality,functionality,1078,872
15,chapters/15-final-project-integration.qmd,3,Code Quality,code-quality,1085,873
15,chapters/15-final-project-integration.qmd,3,Testing,testing,1092,874
15,chapters/15-final-project-integration.qmd,3,Security,security,1099,875
15,chapters/15-final-project-integration.qmd,3,Documentation,documentation,1107,876
15,chapters/15-final-project-integration.qmd,3,Operations,operations,1114,877
15,chapters/15-final-project-integration.qmd,3,Presentation,presentation,1121,878
15,chapters/15-final-project-integration.qmd,2,Further Reading,further-reading,1130,879
15,chapters/15-final-project-integration.qmd,2,Conclusion,conclusion,1147,880
15,chapters/15-final-project-integration.qmd,2,References,references,1163,881
