relative_path,file_type,byte_size,sha256
original/.DS_Store,no extension,6148,34b9712f74b9bb0d2bee55053eec15317222a971e76ccfe63dd157561c437cdf
original/01-foundations.qmd,.qmd,37398,388fcce8c7122b7b7a7d6996610393ea46238563133db09710803f475b7506e4
original/02-llms.qmd,.qmd,59228,998851911065315ca98a3d3dbbd0810ef18fdfbf430630dacffaa0a19c9a24f2
original/03-prompt-engineering.qmd,.qmd,73117,3ef2352a521aa344f44e1ef1666b37fecd2c37cadd754e1f76e013c707006f20
original/04-apis-integration.qmd,.qmd,17093,065a0752359d210f24f637b0b7182593dc44b948f2e78ee28cdc80bd28334b14
original/05-agents.qmd,.qmd,26035,d8a1e48d43f818c97b84dda961e08813cf5304707c90799b562a6bd14fc42be3
original/06-rag.qmd,.qmd,17564,058dfd9edab2e221d86e00b047feadaf3dc75c12b3fba15b65dd31bca308ded6
original/07-finetuning.qmd,.qmd,16371,ddbac642ac482015a37745b6a5f649806fa71d501c519befa1d1475094ee120d
original/08-research-methods.qmd,.qmd,16162,fc4468e050ce90846ae8689af6fa054ac0e8e6ed722cd725ebf455ab3b4b713d
original/09-multimodal.qmd,.qmd,16471,7c1ff146ec8355824991271c5a5001633bda6ffe2a1a56281dc14d016faea6a3
original/10-evaluation.qmd,.qmd,16536,03aa44404ab102c8a61bcce0349f64e230dda27b4ef8a52b4c7072888e866cca
original/11-optimization.qmd,.qmd,13954,e559db498dbfec4d31373b47ff0478f7e4469e3b76bf91b6dd710f93fec9488d
original/12-safety-alignment.qmd,.qmd,18034,9df85f0ba316f8598fa293253d67751c9c89b1d25641dfa9af6ca53169686f18
original/13-ethics.qmd,.qmd,17262,825e3c9f4dd768c42481abea52a9391ada6556b920faeb2e9b9e9add22af1ec5
original/14-law-policy.qmd,.qmd,16875,17d2d2d00838f785d7bb8674d287a117c6679ff57507eb737b1560a5a222210d
original/15-deployment-frontier.qmd,.qmd,18695,de7b996cb4b10c029ccd6ed1d39e5e95af3b37e71e570241943cf443d7d41077
original/PROJECT_ARC.md,.md,5396,79dea38e9d2fa44a408b74cc6015615401b8c1d6f38d81a0a358e513df64ea33
original/images/.DS_Store,no extension,8196,6eb1c2edcfe1041690c2d7edf31dca1b3eb8f4ef60636b5624e5b65f9f313321
original/images/chapters/ch01_img1.svg,.svg,9791,0505aca77edf8b65363630cb8666adee1da244e5b2ab4669e01f3bccd2c50851
original/images/chapters/ch01_img10.svg,.svg,13105,b3f690d5c3583313ecbf2deeb033bef308664b08b434b596a28b38845515b3cc
original/images/chapters/ch01_img11.png,.png,440764,aa07927406b3329cd2aa0ebd825396188ad3e99ae6f98cec159d5a012dcc33fc
original/images/chapters/ch01_img12.svg,.svg,7312,03bb369e0faaab08640a4ea05f0bdd16c502c92dac3d775beaff32aa82c507aa
original/images/chapters/ch01_img2.png,.png,399917,491d8962d1d2fe4d01b50af77738b626b4b2fa7fbe4e48a34ac8b995700c5f5c
original/images/chapters/ch01_img3.png,.png,304723,11a760057921ff2a1da3348544c1a4672af461adea817c230b8ebefe53e77929
original/images/chapters/ch01_img4.svg,.svg,13119,a1045daf6f4a07ccbbb18781d3541cafb670a85e1e5f26bedfb78d87ac8831a6
original/images/chapters/ch01_img5.svg,.svg,7871,96f88fbac81747e8677e8f15232a348f8cc247ce8afed7d94bfb409973cf1551
original/images/chapters/ch01_img6.png,.png,401348,9efb393e670a6d39ee0ba6acca523abc82873ee5fc8e31888e8d60ea43bcc0af
original/images/chapters/ch01_img7.svg,.svg,9056,244ef68edba5d923bbc5f08f3c286491c171054a7511c8a0c24241e8eb3b5e2f
original/images/chapters/ch01_img8.png,.png,449974,31917724951b37ba7c4afa0b746355e8344f0d252bc8dc2809ca7cc155ed6706
original/images/chapters/ch01_img9.png,.png,395084,6ac209e1b3a2dbc2b7507ee5f7999b4ed983532dfb956d6220cc3fc8e0d21bb9
original/images/chapters/figure_2_10_architecture.svg,.svg,9746,0ece5bb65b25450b9891f3bb4491c7a47d9ba1c1a127fbfe5cba540562b0c68a
original/images/chapters/figure_2_11_interface_mockup.svg,.svg,9454,bcff2a5c2f00106d2f37dc41256f36a383d89cbf74c790e30a74650fae3c669c
original/images/chapters/figure_2_1_attention_mechanism.svg,.svg,4646,a35cb96225c4e351109ad239ccb5155cc1478974dcf8848887773609f4862b20
original/images/chapters/figure_2_2_multi_head_attention.svg,.svg,6721,7e9a6559ef2e4df5c29e678be2860f0db87b2237c9829df2c91d1bfc343b50cf
original/images/chapters/figure_2_3_layer_stack.svg,.svg,5274,b1b40f6eafc09eb9f0de770ddb7d66d7177fcbf0018c1eabd407959465b57ad6
original/images/chapters/figure_2_4_pretraining.svg,.svg,6931,a61e528c85665fcff4721dceba911573076bc6c0b98f8e8ceb55fe20d45adb5b
original/images/chapters/figure_2_5_rlhf.svg,.svg,4681,4b4c86af13e00b6a71bd9b624d051d5fb0c597d8015ef37751a6ed401376e09c
original/images/chapters/figure_2_6_autoregressive.svg,.svg,4400,68e07e8f6f535cba6af715f83821ac10e0d5917f808360c123bcec6ac1a3e4cb
original/images/chapters/figure_2_7_model_comparison.svg,.svg,9016,30db59660f44318421efbebb3ad6d0bcb6100b1b1921adaeb09a038c07ee484e
original/images/chapters/figure_2_8_decision_matrix.svg,.svg,8152,a246629d79233a9ad2fade3de7a11e1f8708a557a6388b5ee9b75811390cb1f7
original/images/chapters/figure_2_9_model_families.svg,.svg,10794,12733d956f76e2a86c4fd952d8bf8a37d9dc542308efed0c5ee0cc3d886b1a30
original/images/chapters/figure_3_1_prompt_anatomy.svg,.svg,4899,a5dca46249d2e3bd0b32bdc8e4f940f7450397c466e872c05b5c090c07ce9143
original/images/chapters/figure_3_2_few_shot_impact.svg,.svg,5234,3783a1842cf774c3e861614fd81d94aed0ce56260de2e97a0d3bdd6777a8b157
original/images/chapters/figure_3_3_cot_process.svg,.svg,6765,8ed476c4d5fd3a3ba52fb2e14c3d82b2d9dc4881900ece305b0370c83fc9e31a
original/images/chapters/figure_3_4_template_selection.svg,.svg,7809,250984a2855d59fa6959daa6e9fa6004f779e40e54686d39b0253198182aa14d
original/images/chapters/figure_3_5_injection_attacks.svg,.svg,8108,76a33723ae3358dea2b8961ba8b45e04348c7dc46bb95863ca648699415a6b49
original/images/chapters/figure_3_6_ab_testing.svg,.svg,10377,367a1f4f34b38295de19e820c335985b1b5998272358d5c7b0d118dd29015edc
original/images/chapters/figure_3_7_architecture.svg,.svg,9130,550823f6b70b1e57d489a38a5efeede355ba2e4b7ab50b4f84c1b832e1dc8e6a
original/images/chapters/marcus.png,.png,476053,4ba561a2241b04150d2e58ab684e0d6160f61858f0330e9cb6687a7c5f96b175
original/images/cover.png,.png,688395,856e7cdd6f4887b0b76da84675761815d05d1ab2d33e40cd4bb059798969db33
